date,ridership,temperature,WT01,WT02,WT03,WT04,WT05,WT06,WT08,WT09,WT10,Lolla,marathon,thanksgiving,christmas
1/1/2019,12492,31.5,1,,,,,,1,,,,,,
1/2/2019,17693,29.5,1,,,,,,,,,,,,
1/3/2019,17565,33,1,,,,,,,,,,,,
1/4/2019,17006,41,,,,,,,,,,,,,
1/5/2019,11537,42,,,,,,,,,,,,,
1/6/2019,11702,39.5,,,,,,,,,,,,,
1/7/2019,16630,48,,,,,,,,,,,,,
1/8/2019,16114,36.5,,,,,,,,,,,,,
1/9/2019,16488,21.5,,,,,,,,,,,,,
1/10/2019,17538,20,,,,,,,,,,,,,
1/11/2019,17246,26.5,,,,,,,,,,,,,
1/12/2019,10549,31,,,,,,,,,,,,,
1/13/2019,10983,29.5,,,,,,,,,,,,,
1/14/2019,17282,24.5,,,,,,,,,,,,,
1/15/2019,16234,29,,,,,,,,,,,,,
1/16/2019,16226,32,,,,,,,,,,,,,
1/17/2019,17330,32.5,,,,,,,,,,,,,
1/18/2019,19616,30.5,,,,,,,,,,,,,
1/19/2019,9260,22,,,,,,,,,,,,,
1/20/2019,10224,12.5,,,,,,,,,,,,,
1/21/2019,14381,11.5,,,,,,,,,,,,,
1/22/2019,16435,24.5,,,,,,,,,,,,,
1/23/2019,16775,28,,,,,,,,,,,,,
1/24/2019,16387,13,,,,,,,,,,,,,
1/25/2019,15432,1,,,,,,,,,,,,,
1/26/2019,8999,4,,,,,,,,,,,,,
1/27/2019,10280,5,,,,,,,,,,,,,
1/28/2019,14829,22,,,,,,,,,,,,,
1/29/2019,13951,1,,,,,,,,,,,,,
1/30/2019,5077,-15.5,,,,,,,,,,,,,
1/31/2019,8362,-9,,,,,,,,,,,,,
2/1/2019,16578,11.5,,,,,,,,,,,,,
2/2/2019,9835,28,,,,,,,,,,,,,
2/3/2019,10404,43.5,,,,,,,,,,,,,
2/4/2019,18042,40.5,,,,,,,,,,,,,
2/5/2019,15919,30.5,,,,,,,,,,,,,
2/6/2019,16601,35.5,,,,,,,,,,,,,
2/7/2019,17343,28.5,,,,,,,,,,,,,
2/8/2019,17006,10,,,,,,,,,,,,,
2/9/2019,9725,16.5,,,,,,,,,,,,,
2/10/2019,10732,26,,,,,,,,,,,,,
2/11/2019,17647,30.5,,,,,,,,,,,,,
2/12/2019,15849,27,,,,,,,,,,,,,
2/13/2019,16467,21.5,,,,,,,,,,,,,
2/14/2019,18576,38,,,,,,,,,,,,,
2/15/2019,19114,22,,,,,,,,,,,,,
2/16/2019,10828,24,,,,,,,,,,,,,
2/17/2019,9327,27,,,,,,,,,,,,,
2/18/2019,16833,26.5,,,,,,,,,,,,,
2/19/2019,17766,23.5,,,,,,,,,,,,,
2/20/2019,16246,33,,,,,,,,,,,,,
2/21/2019,18403,30.5,,,,,,,,,,,,,
2/22/2019,18339,30.5,,,,,,,,,,,,,
2/23/2019,9848,42,,,,,,,,,,,,,
2/24/2019,10673,30,,,,,,,,,,,,,
2/25/2019,17827,15.5,,,,,,,,,,,,,
2/26/2019,16303,21.5,,,,,,,,,,,,,
2/27/2019,16465,24.5,,,,,,,,,,,,,
2/28/2019,17571,20.5,,,,,,,,,,,,,
3/1/2019,18433,29.5,,,,,,,,,,,,,
3/2/2019,10871,31.5,,,,,,,,,,,,,
3/3/2019,11600,17,,,,,,,,,,,,,
3/4/2019,16845,6.5,,,,,,,,,,,,,
3/5/2019,16539,15.5,,,,,,,,,,,,,
3/6/2019,16872,21,,,,,,,,,,,,,
3/7/2019,17928,22,,,,,,,,,,,,,
3/8/2019,18633,31,,,,,,,,,,,,,
3/9/2019,11093,36.5,,,,,,,,,,,,,
3/10/2019,11750,34.5,,,,,,,,,,,,,
3/11/2019,18779,35.5,,,,,,,,,,,,,
3/12/2019,15985,37.5,,,,,,,,,,,,,
3/13/2019,17298,51,,,,,,,,,,,,,
3/14/2019,19800,52,,,,,,,,,,,,,
3/15/2019,23962,36,,,,,,,,,,,,,
3/16/2019,14625,36,,,,,,,,,,,,,
3/17/2019,12226,37,,,,,,,,,,,,,
3/18/2019,19075,36.5,,,,,,,,,,,,,
3/19/2019,17371,40,,,,,,,,,,,,,
3/20/2019,17443,42.5,,,,,,,,,,,,,
3/21/2019,18967,41.5,,,,,,,,,,,,,
3/22/2019,19466,39,,,,,,,,,,,,,
3/23/2019,12400,40,1,,,,,,,,,,,,
3/24/2019,12468,43.5,,,,,,,,,,,,,
3/25/2019,18286,36.5,,,,,,,,,,,,,
3/26/2019,17241,36.5,,,,,,,,,,,,,
3/27/2019,17927,45,,,,,,,,,,,,,
3/28/2019,18528,49.5,,,,,,,,,,,,,
3/29/2019,18973,47,,,,,,,,,,,,,
3/30/2019,11023,37.5,,,,,,,,,,,,,
3/31/2019,12323,32,,,,,,,,,,,,,
4/1/2019,19587,38,,,,,,,,,,,,,
4/2/2019,18333,47.5,,,,,,,,,,,,,
4/3/2019,18989,48,,,,,,,,,,,,,
4/4/2019,20279,44,,,,,,,,,,,,,
4/5/2019,20468,49,,,,,,,,,,,,,
4/6/2019,12049,53,,,,,,,,,,,,,
4/7/2019,13113,61.5,,,,,,,,,,,,,
4/8/2019,21046,63.5,,,,,,,,,,,,,
4/9/2019,18963,54.5,,,,,,,,,,,,,
4/10/2019,16590,39,,,,,,,,,,,,,
4/11/2019,20179,50,,,,,,,,,,,,,
4/12/2019,20560,46.5,,,,,,,,,,,,,
4/13/2019,12343,45.5,,,,,,,,,,,,,
4/14/2019,10172,36.5,,,,,,,,,,,,,
4/15/2019,20045,42.5,,,,,,,,,,,,,
4/16/2019,18682,61,,,,,,,,,,,,,
4/17/2019,18441,62.5,,,,,,,,,,,,,
4/18/2019,21090,54.5,,,,,,,,,,,,,
4/19/2019,18851,45,,,,,,,,,,,,,
4/20/2019,12087,53,,,,,,,,,,,,,
4/21/2019,15165,61.5,,,,,,,,,,,,,
4/22/2019,21574,69,,,,,,,,,,,,,
4/23/2019,19513,58,,,,,,,,,,,,,
4/24/2019,19439,55,,,,,,,,,,,,,
4/25/2019,20707,56.5,,,,,,,,,,,,,
4/26/2019,20975,57.5,,,,,,,,,,,,,
4/27/2019,10870,42,,,,,,,,,,,,,
4/28/2019,13969,43,,,,,,,,,,,,,
4/29/2019,19453,48,,,,,,,,,,,,,
4/30/2019,17310,45,,,,,,,,,,,,,
5/1/2019,18782,53,,,,,,,,,,,,,
5/2/2019,20932,46,,,,,,,,,,,,,
5/3/2019,21991,50.5,,,,,,,,,,,,,
5/4/2019,13122,51.5,,,,,,,,,,,,,
5/5/2019,14037,59,,,,,,,,,,,,,
5/6/2019,20328,59.5,,,,,,,,,,,,,
5/7/2019,18977,47.5,,,,,,,,,,,,,
5/8/2019,19550,61.5,,,,,,,,,,,,,
5/9/2019,21691,59,,,,,,,,,,,,,
5/10/2019,23146,50.5,,,,,,,,,,,,,
5/11/2019,14319,49.5,,,,,,,,,,,,,
5/12/2019,15412,48,,,,,,,,,,,,,
5/13/2019,20961,52,,,,,,,,,,,,,
5/14/2019,19021,56.5,,,,,,,,,,,,,
5/15/2019,19527,64.5,,,,,,,,,,,,,
5/16/2019,21149,67.5,,,,,,,,,,,,,
5/17/2019,22190,57.5,,,,,,,,,,,,,
5/18/2019,13517,64,,,,,,,,,,,,,
5/19/2019,15034,64,,,,,,,,,,,,,
5/20/2019,21832,52,,,,,,,,,,,,,
5/21/2019,19885,51,,,,,,,,,,,,,
5/22/2019,20778,77,,,,,,,,,,,,,
5/23/2019,22749,70,,,,,,,,,,,,,
5/24/2019,23785,67,,,,,,,,,,,,,
5/25/2019,15061,77.5,,,,,,,,,,,,,
5/26/2019,12567,66.5,,,,,,,,,,,,,
5/27/2019,15510,65.5,1,,1,,,,,,,,,,
5/28/2019,22352,61.5,,,,,,,,,,,,,
5/29/2019,19860,63,,,,,,,,,,,,,
5/30/2019,20945,70.5,,,,,,,,,,,,,
5/31/2019,22192,72,,,,,,,,,,,,,
6/1/2019,12155,68,,,,,,,,,,,,,
6/2/2019,14763,61,,,,,,,,,,,,,
6/3/2019,20432,59.5,,,,,,,,,,,,,
6/4/2019,19976,71.5,,,,,,,,,,,,,
6/5/2019,20113,73,,,,,,,,,,,,,
6/6/2019,22614,66.5,,,,,,,,,,,,,
6/7/2019,23316,68.5,,,,,,,,,,,,,
6/8/2019,14031,69.5,,,,,,,,,,,,,
6/9/2019,15165,69,,,,,,,,,,,,,
6/10/2019,20640,68.5,,,,,,,,,,,,,
6/11/2019,19823,70,,,,,,,,,,,,,
6/12/2019,21338,64.5,,,,,,,,,,,,,
6/13/2019,24457,60.5,,,,,,,,,,,,,
6/14/2019,23274,66.5,,,,,,,,,,,,,
6/15/2019,12562,64,,,,,,,,,,,,,
6/16/2019,13615,61.5,,,,,,,,,,,,,
6/17/2019,16781,62,,,,,,,,,,,,,
6/18/2019,16356,68.5,,,,,,,,,,,,,
6/19/2019,17534,65.5,,,,,,,,,,,,,
6/20/2019,21875,62.5,,,,,,,,,,,,,
6/21/2019,21926,62.5,,,,,,,,,,,,,
6/22/2019,10746,71,,,,,,,,,,,,,
6/23/2019,8991,74,,,,,,,,,,,,,
6/24/2019,14488,73,,,,,,,,,,,,,
6/25/2019,15231,75,,,,,,,,,,,,,
6/26/2019,17567,80,,,,,,,,,,,,,
6/27/2019,20992,79.5,,,1,,,,,,,,,,
6/28/2019,22003,81.5,1,,1,,,,,,,,,,
6/29/2019,13610,79.5,,,,,,,,,,,,,
6/30/2019,14415,80.5,,,,,,,,,,,,,
7/1/2019,19836,80.5,,,,,,,,,,,,,
7/2/2019,17780,81.5,1,,1,,,,,,,,,,
7/3/2019,21559,78.5,1,,1,,,,,,,,,,
7/4/2019,15357,80.5,1,,,,,,1,,,,,,
7/5/2019,15789,84,,,1,,,,,,,,,,
7/6/2019,13575,78,1,,,,,,,,,,,,
7/7/2019,18079,73,,,,,,,,,,,,,
7/8/2019,21940,74,,,,,,,,,,,,,
7/9/2019,21006,78,,,,,,,1,,,,,,
7/10/2019,20432,86,,,,,,,,,,,,,
7/11/2019,22708,75,,,,,,,,,,,,,
7/12/2019,24457,74.5,,,,,,,,,,,,,
7/13/2019,14461,83.5,,,1,,,,,,,,,,
7/14/2019,15173,81.5,,,,,,,,,,,,,
7/15/2019,21164,83.5,,,,,,,,,,,,,
7/16/2019,19963,78,1,,1,,,,,,,,,,
7/17/2019,19848,82.5,1,,1,,,,,,,,,,
7/18/2019,21215,79.5,1,,1,,,,,,,,,,
7/19/2019,23771,88,,,,,,,,,,,,,
7/20/2019,13481,86.5,,,1,,,,,,,,,,
7/21/2019,14050,75.5,1,,1,,,,,,,,,,
7/22/2019,20568,69.5,,,,,,,,,,,,,
7/23/2019,19682,71.5,,,,,,,,,,,,,
7/24/2019,20262,71,,,,,,,,,,,,,
7/25/2019,22008,74.5,,,,,,,,,,,,,
7/26/2019,23018,77,,,,,,,,,,,,,
7/27/2019,13605,80.5,,,,,,,,,,,,,
7/28/2019,14972,81.5,,,,,,,,,,,,,
7/29/2019,18772,76,,,,,,,,,,,,,
7/30/2019,19566,73,,,,,,,,,,,,,
7/31/2019,21972,69.5,,,,,,,,,,,,,
8/1/2019,24850,70,,,,,,,,,,,,,
8/2/2019,23471,72.5,,,,,,,,,,,,,
8/3/2019,15402,76.5,,,,,,,,,,,,,
8/4/2019,16633,79.5,,,,,,,,,,,,,
8/5/2019,21015,81,,,,,,,,,,,,,
8/6/2019,19562,77.5,,,,,,,,,,,,,
8/7/2019,20784,78,,,,,,,,,,,,,
8/8/2019,22747,79.5,,,,,,,,,,,,,
8/9/2019,23962,73,,,,,,,,,,,,,
8/10/2019,13487,76.5,,,,,,,,,,,,,
8/11/2019,14294,76.5,,,,,,,,,,,,,
8/12/2019,19088,77.5,,,,,,,,,,,,,
8/13/2019,18936,77.5,,,,,,,,,,,,,
8/14/2019,19387,75,,,,,,,,,,,,,
8/15/2019,21036,71.5,,,,,,,,,,,,,
8/16/2019,21699,75,,,,,,,,,,,,,
8/17/2019,13786,73.5,1,,1,,,,,,,,,,
8/18/2019,13404,76.5,,,,,,,,,,,,,
8/19/2019,21094,78,,,,,,,,,,,,,
8/20/2019,18585,73,,,,,,,,,,,,,
8/21/2019,20059,74.5,,,,,,,,,,,,,
8/22/2019,22241,73.5,,,,,,,,,,,,,
8/23/2019,23242,70.5,,,,,,,,,,,,,
8/24/2019,13892,68.5,,,,,,,,,,,,,
8/25/2019,14902,70,,,,,,,,,,,,,
8/26/2019,19329,72,,,,,,,,,,,,,
8/27/2019,19494,73.5,,,,,,,,,,,,,
8/28/2019,19183,68,,,,,,,,,,,,,
8/29/2019,21999,73,,,,,,,,,,,,,
8/30/2019,24466,68,,,,,,,,,,,,,
8/31/2019,16334,70,,,,,,,,,,,,,
9/1/2019,13379,67.5,,,,,,,,,,,,,
9/2/2019,18053,72.5,,,,,,,,,,,,,
9/3/2019,20397,74.5,,,,,,,,,,,,,
9/4/2019,19785,66,,,,,,,,,,,,,
9/5/2019,21360,65.5,,,,,,,,,,,,,
9/6/2019,20782,70,,,,,,,,,,,,,
9/7/2019,13225,68,,,,,,,,,,,,,
9/8/2019,14219,64.5,,,,,,,,,,,,,
9/9/2019,20517,70,,,,,,,,,,,,,
9/10/2019,19270,82,,,,,,,,,,,,,
9/11/2019,19998,80.5,,,,,,,,,,,,,
9/12/2019,22854,75,,,,,,,,,,,,,
9/13/2019,24932,70.5,,,,,,,,,,,,,
9/14/2019,14779,69.5,,,,,,,,,,,,,
9/15/2019,15180,71,,,,,,,,,,,,,
9/16/2019,21367,71.5,,,,,,,,,,,,,
9/17/2019,19705,72.5,,,,,,,,,,,,,
9/18/2019,20605,73.5,,,,,,,,,,,,,
9/19/2019,23047,74.5,,,,,,,,,,,,,
9/20/2019,24157,77.5,,,,,,,,,,,,,
9/21/2019,13750,76,,,,,,,,,,,,,
9/22/2019,14624,72.5,1,,1,,,,,,,,,,
9/23/2019,21615,68.5,,,,,,,,,,,,,
9/24/2019,19976,69,,,,,,,,,,,,,
9/25/2019,20407,72.5,,,,,,,,,,,,,
9/26/2019,22394,65,,,,,,,,,,,,,
9/27/2019,19564,65.5,,,,,,,,,,,,,
9/28/2019,4205,63.5,,,,,,,,,,,,,
9/29/2019,3643,65.5,,,,,,,,,,,,,
9/30/2019,8900,76.5,,,,,,,,,,,,,
10/1/2019,8884,80,,,,,,,,,,,,,
10/2/2019,8872,70.5,,,,,,,,,,,,,
10/3/2019,9312,60.5,,,,,,,,,,,,,
10/4/2019,9078,53.5,,,,,,,,,,,,,
10/5/2019,3893,57,,,,,,,,,,,,,
10/6/2019,3622,60,,,,,,,,,,,,,
10/7/2019,20600,59.5,,,,,,,,,,,,,
10/8/2019,19631,59.5,,,,,,,,,,,,,
10/9/2019,20519,62.5,,,,,,,,,,,,,
10/10/2019,25851,62.5,,,,,,,,,,,,,
10/11/2019,29168,53.5,1,,,,,,1,,,,,,
10/12/2019,17102,46,,,,,,,,,,,,,
10/13/2019,16182,47,,,,,,,,,,,,,
10/14/2019,20883,47,,,,,,,,,,,,,
10/15/2019,20329,54,,,,,,,,,,,,,
10/16/2019,20326,48,,,,,,,,,,,,,
10/17/2019,23339,48.5,,,,,,,,,,,,,
10/18/2019,27725,49.5,,,,,,,,,,,,,
10/19/2019,15675,58,,,,,,,,,,,,,
10/20/2019,15907,55,,,,,,,,,,,,,
10/21/2019,20378,60,,,,,,,,,,,,,
10/22/2019,18472,48.5,,,,,,,,,,,,,
10/23/2019,19744,50,,,,,,,,,,,,,
10/24/2019,21361,46.5,,,,,,,,,,,,,
10/25/2019,22344,45.5,,,,,,,,,,,,,
10/26/2019,11836,45,,,,,,,,,,,,,
10/27/2019,13084,51.5,,,,,,,,,,,,,
10/28/2019,20079,46.5,,,,,,,,,,,,,
10/29/2019,17826,42.5,,,,,,,,,,,,,
10/30/2019,16835,37.5,,,,,,,,,,,,,
10/31/2019,16696,32,,,,,,,,,,,,,
11/1/2019,20855,35.5,1,,,,,,,,,,,,
11/2/2019,11874,39,1,,,,,,,,,,,,
11/3/2019,13393,42.5,,,,,,,,,,,,,
11/4/2019,20177,46.5,,,,,,,,,,,,,
11/5/2019,17980,36.5,,,,,,,,,,,,,
11/6/2019,17859,44.5,1,,,1,,,,,,,,,
11/7/2019,20495,27,1,,,,,,,,,,,,
11/8/2019,20856,25,,,,,,,,,,,,,
11/9/2019,12300,38,,,,,,,,,,,,,
11/10/2019,13369,40,,,,,,,,,,,,,
11/11/2019,16001,25.5,1,,,,,,,1,,,,,
11/12/2019,19167,14,,,,,,,,,,,,,
11/13/2019,17498,20.5,1,,,,,,,,,,,,
11/14/2019,19542,29,1,,,,,,,,,,,,
11/15/2019,20562,30,,,,,,,1,,,,,,
11/16/2019,11593,35.5,1,,,,,,1,,,,,,
11/17/2019,12479,35.5,1,,,,,,,,,,,,
11/18/2019,19630,39,1,,,,,,,,,,,,
11/19/2019,18179,38.5,,,,,,,,,,,,,
11/20/2019,17811,44,,,,,,,,,,,,,
11/21/2019,19488,48,,,,,,,,,,,,,
11/22/2019,21133,34.5,,,,,,,,,,,,,
11/23/2019,12991,34,,,,,,,,,,,,,
11/24/2019,11897,41.5,,,,,,,,,,,,,
11/25/2019,17819,46.5,,,,,,,,,,,,,
11/26/2019,18633,43.5,,,,,,,,,,,,,
11/27/2019,18978,45.5,,,,,,,,,,,,,
11/28/2019,9226,35.5,,,,,,,,,,,,,
11/29/2019,14251,37.5,,,,,,,,,,,,,
11/30/2019,15880,38.5,1,,,,,,1,,,,,,
12/1/2019,20743,38,1,,,,,,,,,,,,
12/2/2019,22465,34.5,,,,,,,,,,,,,
12/3/2019,19341,35,,,,,,,,,,,,,
12/4/2019,18670,38,,,,,,,,,,,,,
12/5/2019,21242,37,,,,,,,,,,,,,
12/6/2019,20216,35,,,,,,,,,,,,,
12/7/2019,12407,32,,,,,,,,,,,,,
12/8/2019,12151,41.5,1,,,,,,1,,,,,,
12/9/2019,18145,37,1,,,,,,,,,,,,
12/10/2019,16738,20,1,,,,,,,,,,,,
12/11/2019,16779,19.5,,,,,,,,,,,,,
12/12/2019,19091,33,,,,,,,,,,,,,
12/13/2019,19927,39.5,,,,,,,,,,,,,
12/14/2019,11727,31,,,,,,,,,,,,,
12/15/2019,11580,23.5,1,,,,,,,,,,,,
12/16/2019,16895,28,,,,,,,,,,,,,
12/17/2019,17230,25.5,,,,,,,,,,,,,
12/18/2019,16968,21,,,,,,,,,,,,,
12/19/2019,17215,26.5,,,,,,,,,,,,,
12/20/2019,17740,32.5,,,,,,,,,,,,,
12/21/2019,11738,40.5,,,,,,,,,,,,,
12/22/2019,11115,42.5,,,,,,,,,,,,,
12/23/2019,14774,44.5,,,,,,,,,,,,,
12/24/2019,10928,41.5,,,,,,,,,,,,,
12/25/2019,8908,50.5,,,,,,,,,,,,,
12/26/2019,17979,51,,,,,,,,,,,,,
12/27/2019,18347,35,,,,,,,,,,,,,
12/28/2019,14000,41,,,,,,,,,,,,,
12/29/2019,14526,53,,,,,,,,,,,,,
12/30/2019,16419,38,,,,,,,,,,,,,
12/31/2019,13831,28,,,,,,,,,,,,,
1/1/2020,11370,32.5,1,,,,,,,,,,,,
1/2/2020,16168,43,,,,,,,,,,,,,
1/3/2020,15350,38.5,,,,,,,,,,,,,
1/4/2020,10576,31,,,,,,,,,,,,,
1/5/2020,10901,34,,,,,,,,,,,,,
1/6/2020,16424,34,,,,,,,,,,,,,
1/7/2020,15461,35,,,,,,,,,,,,,
1/8/2020,15021,23.5,,,,,,,,,,,,,
1/9/2020,16562,36.5,,,,,,,,,,,,,
1/10/2020,16343,44.5,,,,,,,,,,,,,
1/11/2020,8691,32.5,,,,,,,,,,,,,
1/12/2020,11033,29,1,,,,,,1,,,,,,
1/13/2020,16988,33.5,,,,,,,,,,,,,
1/14/2020,15567,36,,,,,,,,,,,,,
1/15/2020,15467,33,,,,,,,,,,,,,
1/16/2020,16788,23.5,,,,,,,,,,,,,
1/17/2020,18824,23.5,,,,,,,,,,,,,
1/18/2020,10809,21.5,1,,,1,,,1,,,,,,
1/19/2020,8998,11.5,,,,,,,,,,,,,
1/20/2020,14193,25,,,,,,,,,,,,,
1/21/2020,16984,24,1,,,,,,,,,,,,
1/22/2020,15600,29.5,,,,,,,,,,,,,
1/23/2020,16481,33,,,,,,,,,,,,,
1/24/2020,16765,36.5,,,,,,,,,,,,,
1/25/2020,9620,34,,,,,,,,,,,,,
1/26/2020,10348,31,,,,,,,,,,,,,
1/27/2020,16511,32,,,,,,,,,,,,,
1/28/2020,15461,32,,,,,,,,,,,,,
1/29/2020,15257,32,,,,,,,,,,,,,
1/30/2020,16367,32.5,,,,,,,,,,,,,
1/31/2020,16358,34,,,,,,,,,,,,,
2/1/2020,9646,35.5,,,,,,,,,,,,,
2/2/2020,10431,44.5,,,,,,,,,,,,,
2/3/2020,16788,38.5,,,,,,,,,,,,,
2/4/2020,15287,34.5,,,,,,,,,,,,,
2/5/2020,15374,29,,,,,,,,,,,,,
2/6/2020,15956,29,,,,,,,,,,,,,
2/7/2020,16438,29.5,,,,,,,,,,,,,
2/8/2020,9824,30.5,,,,,,,,,,,,,
2/9/2020,9823,30,,,,,,,,,,,,,
2/10/2020,17109,31.5,1,,,,,,1,,,,,,
2/11/2020,15984,30,,,,,,,,,,,,,
2/12/2020,15447,30,,,,,,,,,,,,,
2/13/2020,16442,18.5,,,,,,,,,,,,,
2/14/2020,17751,6.5,,,,,,,,,,,,,
2/15/2020,10152,20,,,,,,,,,,,,,
2/16/2020,10644,31,,,,,,,,,,,,,
2/17/2020,15013,34.5,1,,,,,,,,,,,,
2/18/2020,16703,32.5,,,,,,,,,,,,,
2/19/2020,16133,24,,,,,,,,,,,,,
2/20/2020,16795,18,,,,,,,,,,,,,
2/21/2020,17175,24.5,,,,,,,,,,,,,
2/22/2020,9948,38,,,,,,,,,,,,,
2/23/2020,11131,44.5,,,,,,,,,,,,,
2/24/2020,16899,40.5,,,,,,,,,,,,,
2/25/2020,15406,35.5,,,,,,,,,,,,,
2/26/2020,15253,29,,,,,,,,,,,,,
2/27/2020,16416,26.5,,,,,,,,,,,,,
2/28/2020,17309,24,,,,,,,,,,,,,
2/29/2020,10341,25.5,,,,,,,,,,,,,
3/1/2020,11342,44,,,,,,,,,,,,,
3/2/2020,17010,42.5,,,,,,,,,,,,,
3/3/2020,15945,41,,,,,,,1,,,,,,
3/4/2020,15930,42,1,,,,,,,,,,,,
3/5/2020,17031,42.5,,,,,,,,,,,,,
3/6/2020,16982,33.5,,,,,,,,,,,,,
3/7/2020,10654,37.5,1,,,,,,,,,,,,
3/8/2020,11546,53,,,,,,,,,,,,,
3/9/2020,16304,53,1,,,,,,,,,,,,
3/10/2020,15433,43,1,,,,,,,,,,,,
3/11/2020,14745,40,1,,,,,,1,,,,,,
3/12/2020,15385,46,1,,,,,,1,,,,,,
3/13/2020,14665,41.5,,,,,,,,,,,,,
3/14/2020,7810,36.5,1,,,,,,1,,,,,,
3/15/2020,7672,36.5,,,,,,,,,,,,,
3/16/2020,9778,36.5,1,,,,,,1,,,,,,
3/17/2020,8093,42.5,1,,,,,,,,,,,,
3/18/2020,7214,42,1,,,,,,,,,,,,
3/19/2020,6883,51.5,1,,,,,,,,,,,,
3/20/2020,6114,47,1,,,,,,,,,,,,
3/21/2020,4242,30,,,,,,,,,,,,,
3/22/2020,3589,32,1,,,,,,1,,,,,,
3/23/2020,4491,38.5,1,,,,,,1,,,,,,
3/24/2020,4471,39.5,1,,,,,,1,,,,,,
3/25/2020,4240,44,1,,,,,,1,,,,,,
3/26/2020,4135,45,1,,,,,,1,,,,,,
3/27/2020,3941,44,1,,1,,,,,,,,,,
3/28/2020,2980,56,1,,1,,,,,,,,,,
3/29/2020,2833,53.5,,,,,,,,,,,,,
3/30/2020,3693,44.5,,,,,,,,,,,,,
3/31/2020,3522,40,1,,,,,,,,,,,,
4/1/2020,3421,44.5,,,,,,,,,,,,,
4/2/2020,3415,45,1,,,,,,1,,,,,,
4/3/2020,3231,58,,,,,,,,,,,,,
4/4/2020,2554,46,1,,,,,,,,,,,,
4/5/2020,2376,43.5,,,,,,,,,,,,,
4/6/2020,3115,50.5,1,,1,,,,,,,,,,
4/7/2020,3159,67.5,1,,1,,,,,,,,,,
4/8/2020,2993,59,1,,1,,,,1,,,,,,
4/9/2020,3052,43,,,,,,,,,,,,,
4/10/2020,2914,42.5,,,,,,,,,,,,,
4/11/2020,2236,53.5,1,,,,,,,,,,,,
4/12/2020,2067,57.5,1,,,,,,,,,,,,
4/13/2020,2748,45,1,,,,,,,,,,,,
4/14/2020,2776,35.5,,,,,,,,,,,,,
4/15/2020,2761,34,1,,,,,,1,,,,,,
4/16/2020,2701,37,,,,,,,,,,,,,
4/17/2020,2679,37.5,1,,,,,,,,,,,,
4/18/2020,2088,46,,,,,,,,,,,,,
4/19/2020,1967,51,,,,,,,,,,,,,
4/20/2020,2629,50.5,,,1,,,,,,,,,,
4/21/2020,2569,44.5,,,,,,,,,,,,,
4/22/2020,2646,51,,,,,,,,,,,,,
4/23/2020,2645,51.5,1,,,,,,1,,,,,,
4/24/2020,2619,45.5,1,,,,,,1,,,,,,
4/25/2020,2030,44.5,1,,,,,,,,,,,,
4/26/2020,1899,52.5,,,,,,,,,,,,,
4/27/2020,2600,53.5,1,,1,,,,,,,,,,
4/28/2020,2601,64.5,1,,1,,,,,,,,,,
4/29/2020,2602,52,1,,,,,,,,,,,,
4/30/2020,2676,48,1,,,,,,,,,,,,
5/1/2020,2770,52,,,,,,,,,,,,,
5/2/2020,1987,68.5,,,,,,,,,,,,,
5/3/2020,1945,60.5,,,,,,,,,,,,,
5/4/2020,2600,44.5,,,,,,,,,,,,,
5/5/2020,2389,45,1,,,,,,,,,,,,
5/6/2020,2519,49.5,,,,,,,,,,,,,
5/7/2020,2704,56,,,,,,,,,,,,,
5/8/2020,2703,40,,,,,,,,,,,,,
5/9/2020,1947,45,,,,,,,,,,,,,
5/10/2020,1891,45,1,,1,,,,,,,,,,
5/11/2020,2704,45,,,,,,,,,,,,,
5/12/2020,2592,50.5,,,,,,,,,,,,,
5/13/2020,2682,57,,,,,,,,,,,,,
5/14/2020,2650,64,1,,1,,,,,,,,,,
5/15/2020,2549,67,1,,1,,,,,,,,,,
5/16/2020,2027,60.5,1,,,,,,1,,,,,,
5/17/2020,2012,61,1,,1,,,,,,,,,,
5/18/2020,2652,59,1,,,,,,,,,,,,
5/19/2020,2603,56.5,1,1,,,,,,,,,,,
5/20/2020,2721,60,,,,,,,,,,,,,
5/21/2020,2883,62,1,,,,,,,,,,,,
5/22/2020,2916,63.5,1,,,,,,1,,,,,,
5/23/2020,2082,68,1,,1,,,,,,,,,,
5/24/2020,2127,76.5,,,,,,,,,,,,,
5/25/2020,2566,79,,,,,,,,,,,,,
5/26/2020,2811,79.5,,,1,,,,1,,,,,,
5/27/2020,2921,79.5,,,1,,,,,,,,,,
5/28/2020,3051,74,1,,1,,,,1,,,,,,
5/29/2020,3051,67,1,,1,,,,,,,,,,
5/30/2020,2121,63.5,,,,,,,,,,,,,
5/31/2020,1150,59,,,,,,,,,,,,,
6/1/2020,1292,66,,,,,,,1,,,,,,
6/2/2020,1502,80.5,,,,,,,,,,,,,
6/3/2020,2156,77.5,,,,,,,,,,,,,
6/4/2020,2661,77,,,1,,,,1,,,,,,
6/5/2020,2932,80.5,,,,,,,,,,,,,
6/6/2020,1943,68.5,1,,,,,,,,,,,,
6/7/2020,2269,69,,,,,,,,,,,,,
6/8/2020,3217,78,,,,,,,1,,,,,,
6/9/2020,3117,82.5,1,,1,,,,,,,,,,
6/10/2020,2985,73,1,,1,,,,,,,,,,
6/11/2020,3513,71,,,,,,,,,,,,,
6/12/2020,3643,67.5,,,1,,,,,,,,,,
6/13/2020,2561,60.5,,,1,,,,,,,,,,
6/14/2020,2719,63.5,,,,,,,,,,,,,
6/15/2020,3809,64,,,,,,,,,,,,,
6/16/2020,3596,71.5,,,,,,,,,,,,,
6/17/2020,3403,75.5,,,,,,,,,,,,,
6/18/2020,3797,75.5,,,,,,,,,,,,,
6/19/2020,3868,81,,,,,,,1,,,,,,
6/20/2020,2709,81,1,,1,,,,,,,,,,
6/21/2020,2910,76.5,,,1,,,,,,,,,,
6/22/2020,3985,76,1,,1,,,,,,,,,,
6/23/2020,4066,71,,,,,,,,,,,,,
6/24/2020,3889,70,,,1,,,,,,,,,,
6/25/2020,4399,73.5,,,,,,,,,,,,,
6/26/2020,4241,77.5,1,,1,,,,,,,,,,
6/27/2020,3056,80.5,1,,,,,,,,,,,,
6/28/2020,3220,78,,,,,,,,,,,,,
6/29/2020,4368,82.5,1,,1,,,,,,,,,,
6/30/2020,4265,81,,,1,,,,,,,,,,
7/1/2020,4300,81,,,,,,,,,,,,,
7/2/2020,4744,81,,,,,,,,,,,,,
7/3/2020,4105,79,,,,,,,1,,,,,,
7/4/2020,2976,81,,,,,,,1,,,,,,
7/5/2020,4041,81.5,,,,,,,1,,,,,,
7/6/2020,4917,85,,,,,,,,,,,,,
7/7/2020,4651,84.5,,,1,,,,,,,,,,
7/8/2020,4702,83.5,,,1,,,,,,,,,,
7/9/2020,4825,82.5,1,,1,,,,,,,,,,
7/10/2020,4952,78.5,1,,,,,,,,,,,,
7/11/2020,3529,77.5,,,,,,,,,,,,,
7/12/2020,3620,73,,,,,,,,,,,,,
7/13/2020,4899,72.5,,,,,,,,,,,,,
7/14/2020,4639,76,,,,,,,,,,,,,
7/15/2020,4500,77.5,1,,,,,,,,,,,,
7/16/2020,4818,76.5,1,,,,,,,,,,,,
7/17/2020,5013,78,,,,,,,,,,,,,
7/18/2020,3453,83.5,,,,,,,,,,,,,
7/19/2020,3648,77,1,,1,,,,,,,,,,
7/20/2020,4880,77,,,,,,,,,,,,,
7/21/2020,4550,77,,,,,,,,,,,,,
7/22/2020,4579,79,,,,,,,,,,,,,
7/23/2020,4931,73,,,,,,,,,,,,,
7/24/2020,5054,75.5,,,,,,,,,,,,,
7/25/2020,3648,79.5,,,,,,,1,,,,,,
7/26/2020,3517,85,,,,,,,,,,,,,
7/27/2020,4741,79,1,,,,,,,,,,,,
7/28/2020,4737,78.5,,,,,,,,,,,,,
7/29/2020,4629,81.5,,,,,,,,,,,,,
7/30/2020,4855,77.5,,,,,,,,,,,,,
7/31/2020,5286,75.5,,,,,,,,,,,,,
8/1/2020,3744,72,1,,,,,,,,,,,,
8/2/2020,3976,75,1,,1,,,,,,,,,,
8/3/2020,5034,69,,,,,,,,,,,,,
8/4/2020,4664,66.5,,,,,,,,,,,,,
8/5/2020,4751,66.5,,,,,,,,,,,,,
8/6/2020,4988,72.5,,,,,,,,,,,,,
8/7/2020,5260,73,,,,,,,,,,,,,
8/8/2020,3815,77,,,,,,,,,,,,,
8/9/2020,3862,81,,,1,,,,,,,,,,
8/10/2020,3788,79.5,1,,1,,,,,,,,,,
8/11/2020,4405,74,,,,,,,,,,,,,
8/12/2020,4486,73,,,,,,,,,,,,,
8/13/2020,4789,77,,,,,,,,,,,,,
8/14/2020,5049,79.5,,,,,,,,,,,,,
8/15/2020,3486,79.5,,,1,,,,,,,,,,
8/16/2020,3882,74,,,,,,,,,,,,,
8/17/2020,4899,76.5,,,,,,,,,,,,,
8/18/2020,4667,72,,,,,,,,,,,,,
8/19/2020,4665,70,,,,,,,,,,,,,
8/20/2020,4902,73.5,,,,,,,,,,,,,
8/21/2020,5226,76,,,,,,,,,,,,,
8/22/2020,3734,77.5,,,,,,,,,,,,,
8/23/2020,3963,80,,,1,,,,,,,,,,
8/24/2020,4933,84,,,,,,,,,,,,,
8/25/2020,4678,83.5,,,,,,,,,,,,,
8/26/2020,4514,84.5,,,,,,,,,,,,,
8/27/2020,5052,85.5,,,,,,,,,,,,,
8/28/2020,5141,85.5,1,,1,,,,,,,,,,
8/29/2020,3846,76,,,,,,,,,,,,,
8/30/2020,4034,71,,,,,,,,,,,,,
8/31/2020,5175,75,1,,,,,,,,,,,,
9/1/2020,4552,71.5,1,,1,,,,,,,,,,
9/2/2020,4814,79,,,,,,,,,,,,,
9/3/2020,5428,76.5,,,,,,,,,,,,,
9/4/2020,6017,68,,,,,,,,,,,,,
9/5/2020,4180,73.5,,,,,,,,,,,,,
9/6/2020,3664,70.5,,,1,,,,,,,,,,
9/7/2020,4939,72,1,,1,,,,,,,,,,
9/8/2020,4908,64,1,,1,,,,,,,,,,
9/9/2020,4813,63.5,1,,1,,,,1,,,,,,
9/10/2020,5039,63,1,,,,,,,,,,,,
9/11/2020,5183,65.5,1,,,,,,1,,,,,,
9/12/2020,3707,68,1,,,,,,1,,,,,,
9/13/2020,4040,68.5,1,,,,,,1,,,,,,
9/14/2020,5088,66,1,,,,,,,,,,,,
9/15/2020,4609,68.5,,,,,,,,,,,,,
9/16/2020,4847,71,,,,,,,,,,,,,
9/17/2020,5166,65,,,,,,,,,,,,,
9/18/2020,5536,55.5,,,,,,,,,,,,,
9/19/2020,3800,56,,,,,,,,,,,,,
9/20/2020,3824,61.5,,,,,,,,,,,,,
9/21/2020,5121,63.5,,,,,,,,,,,,,
9/22/2020,4678,67,,,,,,,,,,,,,
9/23/2020,4771,68.5,,,,,,,,,,,,,
9/24/2020,5284,67.5,,,,,,,,,,,,,
9/25/2020,5798,70,,,,,,,,,,,,,
9/26/2020,3937,70.5,1,,,,,,1,,,,,,
9/27/2020,4017,66,1,,,,,,,,,,,,
9/28/2020,5175,57,1,,,,,,,,,,,,
9/29/2020,4830,53,,,,,,,,,,,,,
9/30/2020,4819,59.5,,,,,,,,,,,,,
10/1/2020,5257,52,1,,,,,,,,,,,,
10/2/2020,5769,49.5,,,,,,,,,,,,,
10/3/2020,3852,51.5,1,,,,,,,,,,,,
10/4/2020,3979,48.5,,,,,,,,,,,,,
10/5/2020,5380,49.5,,,,,,,,,,,,,
10/6/2020,4804,63,,,,,,,,,,,,,
10/7/2020,4820,65.5,,,,,,,,,,,,,
10/8/2020,5468,60,,,,,,,,,,,,,
10/9/2020,6121,66.5,,,,,,,1,,,,,,
10/10/2020,4247,67.5,,,,,,,,,,,,,
10/11/2020,4158,62.5,,,,,,,,,,,,,
10/12/2020,4961,57,1,,1,,,,1,,,,,,
10/13/2020,4915,58.5,,,,,,,,,,,,,
10/14/2020,4647,62.5,,,,,,,,,,,,,
10/15/2020,5465,53,,,,,,,,,,,,,
10/16/2020,5808,45.5,,,,,,,,,,,,,
10/17/2020,4006,51.5,,,,,,,,,,,,,
10/18/2020,3795,49.5,1,,,,,,,,,,,,
10/19/2020,5144,46,1,,,,,,,,,,,,
10/20/2020,4855,49,1,,1,,,,1,,,,,,
10/21/2020,4696,52,1,,1,,,,,,,,,,
10/22/2020,5366,63.5,1,,1,,,,1,,,,,,
10/23/2020,5531,55.5,1,,1,,,,,,,,,,
10/24/2020,3973,41,,,,,,,,,,,,,
10/25/2020,3843,44.5,1,,,,,,,,,,,,
10/26/2020,5029,38,1,,,,,,,,,,,,
10/27/2020,4685,35,1,,,1,,,,,,,,,
10/28/2020,4589,41.5,,,,,,,,,,,,,
10/29/2020,5116,43,,,,,,,,,,,,,
10/30/2020,5339,37,,,,,,,,,,,,,
10/31/2020,3392,45.5,,,,,,,,,,,,,
11/1/2020,3539,43,,,,,,,,,,,,,
11/2/2020,4955,39.5,,,,,,,,,,,,,
11/3/2020,4356,54,,,,,,,,,,,,,
11/4/2020,4379,62,,,,,,,,,,,,,
11/5/2020,4962,63.5,,,,,,,,,,,,,
11/6/2020,5318,61.5,,,,,,,,,,,,,
11/7/2020,3692,62,,,,,,,,,,,,,
11/8/2020,3840,65.5,,,,,,,,,,,,,
11/9/2020,4910,69.5,,,,,,,,,,,,,
11/10/2020,4173,59,1,,1,,,,1,,,,,,
11/11/2020,4291,40.5,,,,,,,,,,,,,
11/12/2020,4762,44,,,,,,,1,,,,,,
11/13/2020,4830,38,,,,,,,,,,,,,
11/14/2020,3233,39.5,1,,1,,,,,,,,,,
11/15/2020,3171,44.5,1,,,,,,1,,,,,,
11/16/2020,4565,40,,,,,,,,,,,,,
11/17/2020,3986,36,,,,,,,,,,,,,
11/18/2020,4124,43,,,,,,,,,,,,,
11/19/2020,4390,55.5,,,,,,,,,,,,,
11/20/2020,4424,53.5,,,,,,,,,,,,,
11/21/2020,3257,43,,,,,,,,,,,,,
11/22/2020,3101,43,,,,,,,1,,,,,,
11/23/2020,4153,39.5,,,,,,,,,,,,,
11/24/2020,4060,39,1,,,,,,,,,,,,
11/25/2020,4031,45.5,1,1,,,,,,,,,,,
11/26/2020,2303,42.5,1,,,,,,1,,,,,,
11/27/2020,3558,39,1,,,,,,,,,,,,
11/28/2020,3689,39,,,,,,,,,,,,,
11/29/2020,3864,43.5,,,,,,,,,,,,,
11/30/2020,4596,33.5,,,,,,,,,,,,,
12/1/2020,4221,30,,,,,,,,,,,,,
12/2/2020,4306,35.5,,,,,,,,,,,,,
12/3/2020,4203,38,,,,,,,,,,,,,
12/4/2020,4337,38.5,,,,,,,,,,,,,
12/5/2020,3151,35.5,,,,,,,,,,,,,
12/6/2020,3009,35.5,1,,,,,,,,,,,,
12/7/2020,4218,36,,,,,,,,,,,,,
12/8/2020,3808,35,1,,,,,,1,,,,,,
12/9/2020,4082,42.5,1,,,,,,,,,,,,
12/10/2020,4210,44,1,,,,,,1,,,,,,
12/11/2020,4139,40,1,,,,,,1,,,,,,
12/12/2020,2943,37,1,,,,,,1,,,,,,
12/13/2020,3093,32,,,,,,,,,,,,,
12/14/2020,4241,28.5,,,,,,,,,,,,,
12/15/2020,3857,28,,,,,,,,,,,,,
12/16/2020,4024,31.5,1,,,,,,1,,,,,,
12/17/2020,4145,32,,,,,,,,,,,,,
12/18/2020,4356,30.5,,,,,,,,,,,,,
12/19/2020,3319,40,,,,,,,,,,,,,
12/20/2020,3109,37,1,,,,,,,,,,,,
12/21/2020,4354,40,,,,,,,,,,,,,
12/22/2020,4306,36.5,,,,,,,,,,,,,
12/23/2020,4204,42.5,1,,,,,,,,,,,,
12/24/2020,3116,18.5,1,,,,,,,,,,,,
12/25/2020,2261,15.5,,,,,,,,,,,,,
12/26/2020,3428,27,,,,,,,,,,,,,
12/27/2020,3926,36,,,,,,,,,,,,,
12/28/2020,4602,28,,,,,,,,,,,,,
12/29/2020,4700,25.5,1,,,,,1,,,,,,,
12/30/2020,4561,31,1,,,,,1,,,,,,,
12/31/2020,3988,26.5,,,,,,,,,,,,,
1/1/2021,3099,29.5,1,,,1,,1,1,,,,,,
1/2/2021,3539,33,1,,,,,,,,,,,,
1/3/2021,3836,30.5,1,,,,,,1,,,,,,
1/4/2021,4631,28,1,1,,,,1,1,,,,,,
1/5/2021,4243,33,1,,,,,,1,,,,,,
1/6/2021,4105,34.5,1,,,,,,1,,,,,,
1/7/2021,4248,37,,,,,,,,,,,,,
1/8/2021,4309,33.5,1,,,,,,1,,,,,,
1/9/2021,3216,32.5,,,,,,,,,,,,,
1/10/2021,3015,28,,,,,,,,,,,,,
1/11/2021,4188,26,1,,,,,,1,,,,,,
1/12/2021,3958,32.5,,,,,,,,,,,,,
1/13/2021,4015,36.5,,,,,,,,,,,,,
1/14/2021,4151,37,1,,,,,,,,,,,,
1/15/2021,4316,33,1,,,,,,,,,,,,
1/16/2021,3043,32.5,1,,,,,,,,,,,,
1/17/2021,2971,31,1,,,,,,,,,,,,
1/18/2021,4000,27,,,,,,,,,,,,,
1/19/2021,4097,26.5,1,1,,,,,1,,,,,,
1/20/2021,3789,24.5,,,,,,,,,,,,,
1/21/2021,4142,36.5,,,,,,,,,,,,,
1/22/2021,4233,22,,,,,,,,,,,,,
1/23/2021,3019,21,,,,,,,,,,,,,
1/24/2021,3107,31,1,,,,,,,,,,,,
1/25/2021,4286,32,1,,,1,,,,,,,,,
1/26/2021,3774,29.5,1,,,,,,,,,,,,
1/27/2021,3907,21.5,,,,,,,,,,,,,
1/28/2021,4075,18.5,,,,,,,,,,,,,
1/29/2021,4176,25.5,,,,,,,,,,,,,
1/30/2021,3096,31.5,1,,,,,,,,,,,,
1/31/2021,3976,31.5,1,,,,,,,,,,,,
2/1/2021,4493,28.5,,,,,,,,,,,,,
2/2/2021,4168,27,,,,,,,,,,,,,
2/3/2021,4064,26.5,,,,,,,,,,,,,
2/4/2021,4071,29,1,1,,,,,,1,,,,,
2/5/2021,4201,14,1,,,,,,,1,,,,,
2/6/2021,2877,9,1,,,,,,,,,,,,
2/7/2021,2886,0,,,,,,,,,,,,,
2/8/2021,4424,8.5,1,,,,,,,,,,,,
2/9/2021,3954,11,1,,,,,,,,,,,,
2/10/2021,3947,12,1,,,,,,,,,,,,
2/11/2021,4304,14.5,1,,,,,,,,,,,,
2/12/2021,4591,15,1,,,,,,,,,,,,
2/13/2021,3218,7,1,,,,,,,,,,,,
2/14/2021,3195,1.5,1,,,,,,,,,,,,
2/15/2021,5055,9.5,1,,,,,,,1,,,,,
2/16/2021,3747,15,1,,,,,,1,1,,,,,
2/17/2021,4274,15,,,,,,,1,,,,,,
2/18/2021,4483,20.5,1,,,,,,,,,,,,
2/19/2021,4579,14,,,,,,,1,,,,,,
2/20/2021,3378,16.5,1,,,,,,1,,,,,,
2/21/2021,3467,28.5,1,,,1,,,,,,,,,
2/22/2021,4730,33,1,,,1,,,1,,,,,,
2/23/2021,4364,41,,,,,,,,,,,,,
2/24/2021,4297,38.5,,,,,,,,,,,,,
2/25/2021,4596,32,,,,,,,,,,,,,
2/26/2021,4797,33,,,,1,,,,,,,,,
2/27/2021,3703,42,1,1,,,,,,,,,,,
2/28/2021,3691,41.5,1,,,,,,,,,,,,
3/1/2021,4739,29.5,,,,,,,,,,,,,
3/2/2021,4522,33,,,,,,,,,,,,,
3/3/2021,4493,47.5,,,,,,,,,,,,,
3/4/2021,4703,34.5,,,,,,,,,,,,,
3/5/2021,5024,37.5,,,,,,,,,,,,,
3/6/2021,3629,37.5,,,,,,,,,,,,,
3/7/2021,4045,38.5,,,,,,,1,,,,,,
3/8/2021,5323,53.5,,,,,,,,,,,,,
3/9/2021,4981,56,,,,,,,,,,,,,
3/10/2021,4794,62,,,,,,,,,,,,,
3/11/2021,5223,53.5,,,,,,,,,,,,,
3/12/2021,5520,45.5,,,,,,,,,,,,,
3/13/2021,4115,46.5,,,,,,,,,,,,,
3/14/2021,4010,42.5,,,,,,,,,,,,,
3/15/2021,5190,35,1,,,1,,1,,,,,,,
3/16/2021,5025,35.5,1,,,,,,,,,,,,
3/17/2021,4936,37,1,,,,,,1,,,,,,
3/18/2021,4990,40,1,,,,,,,,,,,,
3/19/2021,5706,39.5,,,,,,,,,,,,,
3/20/2021,4246,45,,,,,,,,,,,,,
3/21/2021,4556,52.5,,,,,,,,,,,,,
3/22/2021,5366,57.5,,,,,,,,,,,,,
3/23/2021,5032,59,1,,,,,,,,,,,,
3/24/2021,4881,54,1,,,,,,,,,,,,
3/25/2021,5149,44,1,,,,,,,,,,,,
3/26/2021,5637,39,1,,,,,,,,,,,,
3/27/2021,4196,51.5,1,,,,,,1,,,,,,
3/28/2021,4217,43,,,,,,,,,,,,,
3/29/2021,5898,47,,,,,,,,,,,,,
3/30/2021,5235,57,,,,,,,,,,,,,
3/31/2021,5435,39.5,,,,,,,,,,,,,
4/1/2021,5747,32.5,,,,,,,,,,,,,
4/2/2021,5849,38.5,,,,,,,,,,,,,
4/3/2021,4424,55.5,,,,,,,,,,,,,
4/4/2021,5008,60,,,,,,,,,,,,,
4/5/2021,5974,68.5,,,1,,,,,,,,,,
4/6/2021,5599,70,,,,,,,,,,,,,
4/7/2021,5398,71.5,,,,,,,,,,,,,
4/8/2021,5812,59.5,1,,,,,,,,,,,,
4/9/2021,6044,56.5,1,,,,,,1,,,,,,
4/10/2021,4140,51.5,1,,,,,,,,,,,,
4/11/2021,4249,50.5,1,,,,,,,,,,,,
4/12/2021,5985,56,1,,,,,,,,,,,,
4/13/2021,5620,49,,,,,,,,,,,,,
4/14/2021,5236,44,,,,,,,,,,,,,
4/15/2021,6053,47.5,,,,,,,,,,,,,
4/16/2021,6494,46,,,,,,,,,,,,,
4/17/2021,4725,47,,,,,,,,,,,,,
4/18/2021,4688,51.5,,,,,,,,,,,,,
4/19/2021,5815,47.5,,,,,,,,,,,,,
4/20/2021,5286,37.5,1,,,,,,,,,,,,
4/21/2021,5228,42.5,1,,,,,,,,,,,,
4/22/2021,6241,45.5,,,,,,,,,,,,,
4/23/2021,6823,53.5,,,,,,,,,,,,,
4/24/2021,4623,54,,,,,,,,,,,,,
4/25/2021,4697,44,,,,,,,,,,,,,
4/26/2021,6305,59.5,,,,,,,,,,,,,
4/27/2021,5936,72.5,,,,,,,,,,,,,
4/28/2021,5516,51.5,1,,,,,,1,,,,,,
4/29/2021,6216,55.5,1,,,,,,,,,,,,
4/30/2021,7067,49.5,,,,,,,,,,,,,
5/1/2021,5191,63,,,,,,,,,,,,,
5/2/2021,5478,73,,,,,,,,,,,,,
5/3/2021,6244,63.5,1,,,,,,,,,,,,
5/4/2021,5690,52.5,1,,,,,,,,,,,,
5/5/2021,5849,50.5,,,,,,,,,,,,,
5/6/2021,6548,50,,,,,,,,,,,,,
5/7/2021,7436,51,,,,,,,,,,,,,
5/8/2021,5288,44.5,1,,,,,,,,,,,,
5/9/2021,5814,48,1,,,,,,,,,,,,
5/10/2021,6804,45,,,,,,,,,,,,,
5/11/2021,6395,45,,,,,,,,,,,,,
5/12/2021,6370,49,,,,,,,,,,,,,
5/13/2021,7647,55.5,,,,,,,,,,,,,
5/14/2021,8390,59,,,,,,,,,,,,,
5/15/2021,5732,57.5,,,,,,,,,,,,,
5/16/2021,6129,63,,,,,,,,,,,,,
5/17/2021,7207,63.5,,,,,,,,,,,,,
5/18/2021,6973,67,,,,,,,,,,,,,
5/19/2021,6950,69,1,,,,,,,,,,,,
5/20/2021,7807,75.5,,,,,,,,,,,,,
5/21/2021,8697,76.5,,,,,,,,,,,,,
5/22/2021,6391,76.5,,,,,,,,,,,,,
5/23/2021,6421,70.5,,,,,,,,,,,,,
5/24/2021,7662,74,1,,,,,,,,,,,,
5/25/2021,7154,80,,,,,,,,,,,,,
5/26/2021,7148,70.5,1,,,,,,,,,,,,
5/27/2021,8019,57,1,,,,,,,,,,,,
5/28/2021,9461,48,1,,1,,,,,,,,,,
5/29/2021,7141,53.5,,,,,,,,,,,,,
5/30/2021,6321,55,,,,,,,,,,,,,
5/31/2021,8542,63,,,,,,,,,,,,,
6/1/2021,8796,63.5,,,,,,,,,,,,,
6/2/2021,7637,67,,,,,,,,,,,,,
6/3/2021,8164,71.5,,,,,,,,,,,,,
6/4/2021,9038,80.5,,,,,,,,,,,,,
6/5/2021,6705,80.5,,,,,,,,,,,,,
6/6/2021,7339,79.5,,,,,,,,,,,,,
6/7/2021,7742,76,,,,,,,,,,,,,
6/8/2021,7347,80.5,,,,,,,,,,,,,
6/9/2021,8166,79.5,,,,,,,,,,,,,
6/10/2021,9631,79,,,,,,,,,,,,,
6/11/2021,9679,81,,,1,,,,,,,,,,
6/12/2021,6903,81,1,,1,,,,,,,,,,
6/13/2021,8155,77.5,,,,,,,,,,,,,
6/14/2021,8519,74.5,,,,,,,,,,,,,
6/15/2021,8036,70.5,,,,,,,,,,,,,
6/16/2021,8297,69.5,,,,,,,,,,,,,
6/17/2021,9614,73.5,,,1,,,,,,,,,,
6/18/2021,10550,79.5,1,,1,,,,,,,,,,
6/19/2021,6976,79.5,,,,,,,,,,,,,
6/20/2021,7799,75.5,1,,1,,,,,,,,,,
6/21/2021,9329,67,,,,,,,,,,,,,
6/22/2021,8376,65,,,,,,,,,,,,,
6/23/2021,8326,72.5,,,,,,,,,,,,,
6/24/2021,9752,72.5,1,,1,,,,,,,,,,
6/25/2021,10168,73.5,1,,1,,,,,,,,,,
6/26/2021,6401,76.5,1,,1,,,,,,,,,,
6/27/2021,7645,76,,,,,,,,,,,,,
6/28/2021,8543,75.5,1,,1,,,,,,,,,,
6/29/2021,7974,79.5,1,,1,,,,,,,,,,
6/30/2021,8055,76.5,1,,1,,,,,,,,,,
7/1/2021,9681,70,1,,,,,,,,,,,,
7/2/2021,10655,67.5,,,,,,,,,,,,,
7/3/2021,7710,72,,,,,,,,,,,,,
7/4/2021,6644,79.5,,,,,,,1,,,,,,
7/5/2021,9691,82,,,,,,,,,,,,,
7/6/2021,9885,84.5,,,,,,,,,,,,,
7/7/2021,9321,80,,,,,,,,,,,,,
7/8/2021,10554,65,1,,,,,,1,,,,,,
7/9/2021,12825,67,,,,,,,,,,,,,
7/10/2021,7752,70.5,,,,,,,,,,,,,
7/11/2021,7867,68.5,1,,,,,,,,,,,,
7/12/2021,8955,71,1,,,,,,,,,,,,
7/13/2021,8416,75.5,1,,,,,,1,,,,,,
7/14/2021,8763,77.5,,,,,,,,,,,,,
7/15/2021,9961,74.5,1,,,,,,,,,,,,
7/16/2021,11240,71,1,,,,,,,,,,,,
7/17/2021,7367,74,,,,,,,,,,,,,
7/18/2021,8545,75.5,,,,,,,,,,,,,
7/19/2021,9634,75.5,,,,,,,,,,,,,
7/20/2021,8959,78,,,,,,,,,,,,,
7/21/2021,9501,71.5,,,,,,,,,,,,,
7/22/2021,11217,76,,,,,,,,,,,,,
7/23/2021,11896,82.5,1,,,,,,1,,,,,,
7/24/2021,7467,84,1,,1,,,,,,,,,,
7/25/2021,8960,82,,,,,,,,,,,,,
7/26/2021,10027,81,,,,,,,,,,,,,
7/27/2021,9399,80,,,,,,,,,,,,,
7/28/2021,12448,82,1,,1,,,,,,,,,,
7/29/2021,13657,80.5,1,,1,,,,,,,,,,
7/30/2021,12758,71.5,,,,,,,,,,,,,
7/31/2021,8643,72,,,,,,,,,,,,,
8/1/2021,8945,70.5,,,,,,,,,,,,,
8/2/2021,9627,69.5,,,,,,,,,,,,,
8/3/2021,8858,72.5,,,,,,,,,,,,,
8/4/2021,9377,74,,,,,,,,,,,,,
8/5/2021,12034,76,,,,,,,,,,,,,
8/6/2021,13302,75.5,1,,1,,,,,,,,,,
8/7/2021,7831,78.5,,,,,,,,,,,,,
8/8/2021,8565,82,,,1,,,,,,,,,,
8/9/2021,8995,77,1,,1,,,,1,,,,,,
8/10/2021,9046,82.5,1,,1,,,,1,,,,,,
8/11/2021,9140,80.5,1,,1,,,,1,,,,,,
8/12/2021,10430,79,,,1,,,,,,,,,,
8/13/2021,11264,76,,,,,,,,,,,,,
8/14/2021,7689,73,,,,,,,,,,,,,
8/15/2021,8639,71,,,,,,,,,,,,,
8/16/2021,9489,72.5,,,,,,,,,,,,,
8/17/2021,9050,75.5,,,,,,,,,,,,,
8/18/2021,9117,80,,,1,,,,,,,,,,
8/19/2021,11354,80.5,,,1,,,,,,,,,,
8/20/2021,12391,81,1,,,,,,1,,,,,,
8/21/2021,7865,82,1,,,,,,,,,,,,
8/22/2021,9183,78,,,,,,,,,,,,,
8/23/2021,9883,78,,,,,,,,,,,,,
8/24/2021,7934,84.5,1,,1,,,,,,,,,,
8/25/2021,9234,83,1,,1,,,,,,,,,,
8/26/2021,11211,80.5,,,1,,,,,,,,,,
8/27/2021,11588,82.5,,,,,,,,,,,,,
8/28/2021,7543,84.5,,,,,,,,,,,,,
8/29/2021,8192,83,,,1,,,,,,,,,,
8/30/2021,9658,77,,,,,,,,,,,,,
8/31/2021,8850,75,,,,,,,,,,,,,
9/1/2021,9330,72,,,,,,,,,,,,,
9/2/2021,12021,71,,,,,,,,,,,,,
9/3/2021,15099,70.5,,,,,,,,,,,,,
9/4/2021,9714,69.5,1,,,,,,,,,,,,
9/5/2021,8018,72,,,,,,,,,,,,,
9/6/2021,10533,72,,,,,,,,,,,,,
9/7/2021,10184,77.5,1,,1,,,,,,,,,,
9/8/2021,10156,70,,,,,,,,,,,,,
9/9/2021,12234,66.5,,,,,,,,,,,,,
9/10/2021,12882,70.5,,,,,,,,,,,,,
9/11/2021,7476,77,,,,,,,,,,,,,
9/12/2021,8886,80.5,,,,,,,,,,,,,
9/13/2021,10407,80.5,,,,,,,,,,,,,
9/14/2021,9227,77.5,,,,,,,,,,,,,
9/15/2021,10574,70,,,,,,,1,,,,,,
9/16/2021,14728,71,,,,,,,,,,,,,
9/17/2021,15217,77,1,,1,,,,,,,,,,
9/18/2021,8337,74,,,,,,,,,,,,,
9/19/2021,9328,78.5,,,,,,,,,,,,,
9/20/2021,10438,77.5,1,,,,,,,,,,,,
9/21/2021,9581,68.5,1,,1,,,,,,,,,,
9/22/2021,9584,59.5,1,,,,,,,,,,,,
9/23/2021,12077,61,,,,,,,,,,,,,
9/24/2021,16192,66,1,,,,,,,,,,,,
9/25/2021,8286,60.5,,,,,,,,,,,,,
9/26/2021,8722,70,,,,,,,,,,,,,
9/27/2021,10775,76.5,,,,,,,1,,,,,,
9/28/2021,9122,68,,,,,,,,,,,,,
9/29/2021,9385,70.5,,,,,,,,,,,,,
9/30/2021,11254,70.5,,,,,,,,,,,,,
10/1/2021,13441,74,,,,,,,,,,,,,
10/2/2021,7612,75.5,,,1,,,,,,,,,,
10/3/2021,8983,73,1,,1,,,,1,,,,,,
10/4/2021,10657,69,1,,,,,,1,,,,,,
10/5/2021,9517,67.5,,,,,,,,,,,,,
10/6/2021,9507,67,1,,,,,,,,,,,,
10/7/2021,12510,71,1,,,,,,1,,,,,,
10/8/2021,17742,69.5,1,,,,,,,,,,,,
10/9/2021,11107,73,,,,,,,,,,,,,
10/10/2021,9826,78,,,,,,,,,,,,,
10/11/2021,10473,71.5,1,,1,,,,,,,,,,
10/12/2021,10997,61,1,,,,,,,,,,,,
10/13/2021,10124,63.5,1,,1,,,,,,,,,,
10/14/2021,11876,65.5,1,,,,,,,,,,,,
10/15/2021,13698,58,,,,,,,,,,,,,
10/16/2021,8437,52,,,,,,,,,,,,,
10/17/2021,9443,54.5,,,,,,,,,,,,,
10/18/2021,10815,58.5,,,,,,,,,,,,,
10/19/2021,9528,62.5,,,,,,,,,,,,,
10/20/2021,9660,63,,,,,,,,,,,,,
10/21/2021,11841,56.5,,,,,,,,,,,,,
10/22/2021,13213,50.5,,,,,,,,,,,,,
10/23/2021,7503,48,,,,,,,,,,,,,
10/24/2021,8134,46.5,1,,1,,,,,,,,,,
10/25/2021,10489,51.5,1,,1,,,,,,,,,,
10/26/2021,10126,48.5,,,,,,,,,,,,,
10/27/2021,9307,48,,,,,,,,,,,,,
10/28/2021,11115,52,1,,,,,,,,,,,,
10/29/2021,12873,54.5,1,,,,,,,,,,,,
10/30/2021,7210,51.5,1,,,,,,,,,,,,
10/31/2021,7304,46,,,,,,,,,,,,,
11/1/2021,10893,41.5,,,,,,,,,,,,,
11/2/2021,9369,40,,,,,,,,,,,,,
11/3/2021,9244,38,,,,,,,,,,,,,
11/4/2021,10737,39,,,,,,,,,,,,,
11/5/2021,12103,43,,,,,,,,,,,,,
11/6/2021,7026,47.5,,,,,,,,,,,,,
11/7/2021,8161,53.5,,,,,,,,,,,,,
11/8/2021,10658,57,,,,,,,,,,,,,
11/9/2021,9304,50,,,,,,,1,,,,,,
11/10/2021,9636,49,,,,,,,,,,,,,
11/11/2021,10785,48,1,,,,,,,,,,,,
11/12/2021,11592,38.5,1,,,,,,1,,,,,,
11/13/2021,6987,37.5,1,,,,,,1,,,,,,
11/14/2021,7643,36,1,,,,,,1,,,,,,
11/15/2021,10524,33,,,,,,,,,,,,,
11/16/2021,9683,44.5,,,,,,,,,,,,,
11/17/2021,9369,51.5,1,,,,,,1,,,,,,
11/18/2021,9995,37,,,,,,,,,,,,,
11/19/2021,11936,33,,,,,,,,,,,,,
11/20/2021,8019,43,,,,,,,,,,,,,
11/21/2021,7130,42.5,,,,,,,,,,,,,
11/22/2021,9648,30.5,,,,,,,,,,,,,
11/23/2021,10155,34,,,,,,,,,,,,,
11/24/2021,10170,45,,,,,,,,,,,,,
11/25/2021,5759,36.5,,,,,,,,,,,,,
11/26/2021,8815,25,,,,,,,,,,,,,
11/27/2021,10538,35.5,,,,,,,,,,,,,
11/28/2021,12161,33.5,,,,,,,,,,,,,
11/29/2021,12603,33.5,,,,,,,,,,,,,
11/30/2021,11282,43,,,,,,,,,,,,,
12/1/2021,9677,41.5,,,,,,,,,,,,,
12/2/2021,10781,51.5,,,,,,,,,,,,,
12/3/2021,12385,45,,,,,,,,,,,,,
12/4/2021,7640,38.5,1,,,,,,1,,,,,,
12/5/2021,7166,39,1,,,,,,,,,,,,
12/6/2021,8992,26.5,,,,,,,,,,,,,
12/7/2021,8223,19,,,,,,,,,,,,,
12/8/2021,8797,30,,,,,,,,,,,,,
12/9/2021,10343,37.5,,,,,,,,,,,,,
12/10/2021,11407,47,1,,,,,,,,,,,,
12/11/2021,6995,44.5,,,,,,,,,,,,,
12/12/2021,7248,40,,,,,,,,,,,,,
12/13/2021,9346,43,,,,,,,,,,,,,
12/14/2021,9303,44,1,,,,,,,,,,,,
12/15/2021,9368,59,1,,,,,,,,,,,,
12/16/2021,9661,51,1,,,,,,1,,,,,,
12/17/2021,9877,35,,,,,,,,,,,,,
12/18/2021,6526,37.5,1,,,,,,1,,,,,,
12/19/2021,6401,36,,,,,,,,,,,,,
12/20/2021,8415,38,,,,,,,,,,,,,
12/21/2021,7602,35.5,,,,,,,,,,,,,
12/22/2021,7354,26,,,,,,,,,,,,,
12/23/2021,7067,37.5,,,,,,,,,,,,,
12/24/2021,5100,47.5,1,,,,,,1,,,,,,
12/25/2021,4520,47,1,,,,,,,,,,,,
12/26/2021,7439,37,1,,1,,,,,,,,,,
12/27/2021,8511,41,1,1,1,,,,,,,,,,
12/28/2021,8785,36,1,1,,,,,1,,,,,,
12/29/2021,8922,35.5,1,,,,,,1,,,,,,
12/30/2021,8733,36,1,,,,,,1,,,,,,
12/31/2021,6803,40,1,,,,,,1,,,,,,
1/1/2022,4342,36,1,,,,,,,,,,,,
1/2/2022,6741,24,1,,,,,,,,,,,,
1/3/2022,7603,17,,,,,,,,,,,,,
1/4/2022,7621,30,,,,,,,,,,,,,
1/5/2022,6649,24,1,,,,,,1,1,,,,,
1/6/2022,6843,11,1,,,,,,,,,,,,
1/7/2022,6392,8,,,,,,,,,,,,,
1/8/2022,5335,25.5,1,,,,,1,,,,,,,
1/9/2022,5245,24.5,1,,,,,,,,,,,,
1/10/2022,6437,14,,,,,,,,,,,,,
1/11/2022,6079,22,,,,,,,,,,,,,
1/12/2022,6466,36,,,,,,,,,,,,,
1/13/2022,7159,35,1,,,,,,,,,,,,
1/14/2022,8699,33,1,,,,,,1,,,,,,
1/15/2022,5447,24.5,1,,,,,,,,,,,,
1/16/2022,5071,22,1,,,,,,,,,,,,
1/17/2022,7128,27.5,,,,,,,,,,,,,
1/18/2022,7435,33.5,,,,,,,,,,,,,
1/19/2022,6878,28,,,,,,,,,,,,,
1/20/2022,7017,15.5,,,,,,,,,,,,,
1/21/2022,7557,18.5,,,,,,,,,,,,,
1/22/2022,5101,28,1,,,,,,,,,,,,
1/23/2022,5420,17.5,1,,,,,,,,,,,,
1/24/2022,7456,21,1,,,,,,,,,,,,
1/25/2022,6686,8.5,,,,,,,,,,,,,
1/26/2022,6230,5,,,,,,,,,,,,,
1/27/2022,7266,23.5,1,,,,,,,,,,,,
1/28/2022,7387,20.5,1,,,,,,,,,,,,
1/29/2022,4571,16,,,,,,,,,,,,,
1/30/2022,5229,23.5,,,,,,,,,,,,,
1/31/2022,7928,31.5,,,,,,,1,,,,,,
2/1/2022,7146,41,1,,,,,,,,,,,,
2/2/2022,5743,26,1,,,,,,,,,,,,
2/3/2022,6676,23,,,,,,,,,,,,,
2/4/2022,8265,19,1,,,,,,,,,,,,
2/5/2022,4944,12.5,,,,,,,,,,,,,
2/6/2022,5406,25.5,,,,,,,,,,,,,
2/7/2022,8115,25,1,,,,,1,,,,,,,
2/8/2022,7609,29.5,,,,,,,,,,,,,
2/9/2022,7567,38,,,,,,,,,,,,,
2/10/2022,8135,32,,,,,,,,,,,,,
2/11/2022,8866,37.5,1,,,,,,,,,,,,
2/12/2022,5236,23,,,,,,,,,,,,,
2/13/2022,5932,17.5,,,,,,,1,,,,,,
2/14/2022,8607,21,,,,,,,,,,,,,
2/15/2022,8054,34.5,,,,,,,,,,,,,
2/16/2022,8067,48.5,1,,,,,,,,,,,,
2/17/2022,7922,30,1,1,,,,,1,,,,,,
2/18/2022,9935,20,1,,,,,,1,,,,,,
2/19/2022,5742,20,,,,,,,,,,,,,
2/20/2022,6017,33.5,,,,,,,,,,,,,
2/21/2022,8334,43.5,1,,,,,,1,,,,,,
2/22/2022,8340,39.5,1,,1,,,,1,,,,,,
2/23/2022,8547,22,1,,,,,,,,,,,,
2/24/2022,9317,26.5,1,,,,,,,,,,,,
2/25/2022,9383,25.5,1,,,,,,,,,,,,
2/26/2022,5836,24,,,,,,,,,,,,,
2/27/2022,6384,37.5,,,,,,,,,,,,,
2/28/2022,9052,42,,,,,,,,,,,,,
3/1/2022,8728,44,,,,,,,,,,,,,
3/2/2022,8819,47,,,,,,,,,,,,,
3/3/2022,9184,34,,,,,,,,,,,,,
3/4/2022,10202,36.5,,,,,,,,,,,,,
3/5/2022,6549,56.5,1,,1,,,,,,,,,,
3/6/2022,6355,49,1,,1,1,,,,,,,,,
3/7/2022,9077,35,1,,,1,,,1,,,,,,
3/8/2022,9307,35,,,,,,,,,,,,,
3/9/2022,9278,37,,,,,,,,,,,,,
3/10/2022,11014,29.5,1,,,,,,,,,,,,
3/11/2022,12218,25.5,1,,,,,,,,,,,,
3/12/2022,8212,18.5,,,,,,,,,,,,,
3/13/2022,8334,37.5,,,,,,,,,,,,,
3/14/2022,10236,52.5,,,,,,,,,,,,,
3/15/2022,9465,45,,,,,,,,,,,,,
3/16/2022,10334,55,,,,,,,,,,,,,
3/17/2022,11070,61.5,,,,,,,,,,,,,
3/18/2022,10662,46,1,,1,,,,,,,,,,
3/19/2022,6853,41.5,1,,,,,,,,,,,,
3/20/2022,7724,49.5,,,,,,,,,,,,,
3/21/2022,10509,60.5,,,,,,,,,,,,,
3/22/2022,9476,56,1,,,,,,,,,,,,
3/23/2022,9040,53,1,,1,,,,,,,,,,
3/24/2022,10178,43.5,1,,,,,,,,,,,,
3/25/2022,10704,43,1,,,1,,,1,,,,,,
3/26/2022,6584,32.5,,,,,,,,,,,,,
3/27/2022,7796,31.5,,,,,,,,,,,,,
3/28/2022,10794,30,,,,,,,,,,,,,
3/29/2022,9582,38,,,,,,,,,,,,,
3/30/2022,9543,55,1,,,,,,,,,,,,
3/31/2022,10084,42,1,,,,,,,,,,,,
4/1/2022,9995,40,1,,,,,,,,,,,,
4/2/2022,1757,40,1,,,,,,,,,,,,
4/3/2022,1599,41,1,,,,,,,,,,,,
4/4/2022,10223,49,1,,,,,,,,,,,,
4/5/2022,10102,47,1,,,,,,1,,,,,,
4/6/2022,10613,52,1,,,,,,,,,,,,
4/7/2022,10978,43.5,1,,,,,,,,,,,,
4/8/2022,10991,38.5,1,,,1,,,,,,,,,
4/9/2022,6845,42,1,,,,,,,,,,,,
4/10/2022,7489,50,,,,,,,,,,,,,
4/11/2022,10083,55.5,,,,,,,,,,,,,
4/12/2022,9839,57.5,1,,,,,,,,,,,,
4/13/2022,9604,57,1,,1,,,,,,,,,,
4/14/2022,11845,46,,,,,,,,,,,,,
4/15/2022,10302,49,,,,1,,,,,,,,,
4/16/2022,6986,43,,,,,,,,,,,,,
4/17/2022,8052,38.5,,,,,,,,,,,,,
4/18/2022,10294,38.5,1,,,,,,,,,,,,
4/19/2022,10024,44.5,,,,,,,,,,,,,
4/20/2022,9989,49.5,1,,,,,,,,,,,,
4/21/2022,11181,61,1,,,,,,,,,,,,
4/22/2022,10648,55.5,1,,1,,,,,,,,,,
4/23/2022,7585,71.5,,,,,,,,,,,,,
4/24/2022,7281,66.5,,,,,,,,,,,,,
4/25/2022,10443,50,,,,,,,,,,,,,
4/26/2022,10089,46.5,,,,,,,,,,,,,
4/27/2022,10125,40,,,,,,,,,,,,,
4/28/2022,11326,46,,,,,,,,,,,,,
4/29/2022,11829,60.5,,,,,,,,,,,,,
4/30/2022,6551,62.5,1,,1,,,,,,,,,,
5/1/2022,7336,55,,,,,,,,,,,,,
5/2/2022,10758,51.5,,,,,,,,,,,,,
5/3/2022,9780,48.5,1,,,,,,,,,,,,
5/4/2022,10700,49.5,,,,,,,,,,,,,
5/5/2022,11525,49.5,1,,,,,,,,,,,,
5/6/2022,11592,52,1,,,,,,,,,,,,
5/7/2022,7464,56.5,,,,,,,,,,,,,
5/8/2022,8419,57.5,,,,,,,,,,,,,
5/9/2022,11402,71,,,,,,,,,,,,,
5/10/2022,11345,81,,,,,,,,,,,,,
5/11/2022,11158,84,,,,,,,,,,,,,
5/12/2022,12632,85.5,,,,,,,,,,,,,
5/13/2022,12951,82,,,,,,,,,,,,,
5/14/2022,8570,76.5,,,,,,,,,,,,,
5/15/2022,8515,69,,,1,,,,,,,,,,
5/16/2022,11404,68,,,,,,,,,,,,,
5/17/2022,11224,60.5,,,,,,,,,,,,,
5/18/2022,10927,59.5,1,,,,,,,,,,,,
5/19/2022,13253,72,1,,,,,,,,,,,,
5/20/2022,13631,75.5,1,,1,,,,,,,,,,
5/21/2022,8598,60.5,1,,1,,,,,,,,,,
5/22/2022,9331,59,,,,,,,,,,,,,
5/23/2022,12063,55.5,,,,,,,,,,,,,
5/24/2022,11463,60,,,,,,,,,,,,,
5/25/2022,11238,70.5,1,,1,,,,1,,,,,,
5/26/2022,13022,72,,,1,,,,,,,,,,
5/27/2022,13989,58.5,1,,,,,,,,,,,,
5/28/2022,10449,63.5,,,,,,,,,,,,,
5/29/2022,9281,76,,,,,,,,,,,,,
5/30/2022,10258,82.5,,,,,,,,,,,,,
5/31/2022,11833,82.5,,,,,,,,,,,,,
6/1/2022,11569,70,1,,1,,,,,,,,,,
6/2/2022,13323,69.5,,,,,,,,,,,,,
6/3/2022,14786,72.5,,,,,,,,,,,,,
6/4/2022,8284,65.5,,,,,,,,,,,,,
6/5/2022,9618,72,,,,,,,,,,,,,
6/6/2022,10725,68,1,,1,,,,,,,,,,
6/7/2022,11838,64,,,,,,,,,,,,,
6/8/2022,11171,65,1,,1,,,,,,,,,,
6/9/2022,12557,66.5,,,,,,,,,,,,,
6/10/2022,13044,70.5,,,,,,,,,,,,,
6/11/2022,8526,68,1,,,,,,,,,,,,
6/12/2022,9361,67,,,,,,,1,,,,,,
6/13/2022,11588,77.5,1,,1,,,,1,,,,,,
6/14/2022,11717,87.5,,,,,,,,,,,,,
6/15/2022,11589,91.5,,,1,,,,,,,,,,
6/16/2022,12940,86,1,,1,,,,,,,,,,
6/17/2022,13677,78.5,,,,,,,,,,,,,
6/18/2022,9089,67.5,,,,,,,,,,,,,
6/19/2022,9693,72.5,,,,,,,,,,,,,
6/20/2022,11408,82,,,,,,,,,,,,,
6/21/2022,11855,87,,,,,,,,,,,,,
6/22/2022,12073,83,,,,,,,,,,,,,
6/23/2022,13589,78.5,,,,,,,,,,,,,
6/24/2022,13698,80,,,,,,,,,,,,,
6/25/2022,8516,74.5,1,,1,,,,,,,,,,
6/26/2022,10094,75.5,,,,,,,,,,,,,
6/27/2022,11975,72,,,,,,,,,,,,,
6/28/2022,12429,75,,,,,,,,,,,,,
6/29/2022,12194,79.5,,,,,,,,,,,,,
6/30/2022,13063,84,,,,,,,,,,,,,
7/1/2022,13624,77,,,1,,,,,,,,,,
7/2/2022,9361,75.5,1,,,,,,,,,,,,
7/3/2022,7938,78.5,,,,,,,,,,,,,
7/4/2022,9360,81,1,,1,,,,1,,,,,,
7/5/2022,11190,82.5,1,,1,,,,,,,,,,
7/6/2022,11062,77,1,,1,,,,,,,,,,
7/7/2022,12177,79,,,,,,,,,,,,,
7/8/2022,12684,76.5,,,,,,,,,,,,,
7/9/2022,10086,74,,,,,,,,,,,,,
7/10/2022,9700,75,,,,,,,,,,,,,
7/11/2022,11170,79.5,,,,,,,,,,,,,
7/12/2022,11589,79.5,,,,,,,,,,,,,
7/13/2022,12196,77.5,,,,,,,,,,,,,
7/14/2022,14044,73,,,,,,,,,,,,,
7/15/2022,13207,72.5,1,,,,,,1,,,,,,
7/16/2022,8823,74.5,1,,,,,,1,,,,,,
7/17/2022,8803,74,1,,1,,,,1,,,,,,
7/18/2022,11335,81,,,,,,,,,,,,,
7/19/2022,11292,82,,,,,,,,,,,,,
7/20/2022,11718,83.5,,,,,,,,,,,,,
7/21/2022,12706,83,,,1,,,,,,,,,,
7/22/2022,13138,81.5,,,1,,,,,,,,,,
7/23/2022,8385,79.5,1,,1,,,,,,,,,,
7/24/2022,9672,81,1,,1,,,,,,,,,,
7/25/2022,11732,74,,,,,,,1,,,,,,
7/26/2022,11636,75.5,,,,,,,,,,,,,
7/27/2022,12348,79,1,,1,,,,,,,,,,
7/28/2022,14292,76.5,,,,,,,,,,,,,
7/29/2022,14677,73.5,,,,,,,,,,,,,
7/30/2022,10382,75.5,,,,,,,,,,,,,
7/31/2022,9861,77,,,,,,,,,,,,,
8/1/2022,11230,82,,,,,,,,,,,,,
8/2/2022,11050,81,,,,,,,,,,,,,
8/3/2022,10783,85.5,1,,1,,,,,,,,,,
8/4/2022,14062,80,,,,,,,,,,,,,
8/5/2022,14912,80.5,,,1,,,,,,,,,,
8/6/2022,8701,86,,,,,,,,,,,,,
8/7/2022,8487,81,,,1,,,,,,,,,,
8/8/2022,11211,76.5,1,,,,,,1,,,,,,
8/9/2022,11549,71.5,,,,,,,,,,,,,
8/10/2022,11451,74.5,,,,,,,,,,,,,
8/11/2022,12865,74,,,,,,,,,,,,,
8/12/2022,13161,72,,,,,,,,,,,,,
8/13/2022,8927,74.5,,,,,,,,,,,,,
8/14/2022,9153,75.5,,,,,,,,,,,,,
8/15/2022,12015,75,,,,,,,,,,,,,
8/16/2022,11898,75.5,,,,,,,,,,,,,
8/17/2022,11885,74.5,,,,,,,,,,,,,
8/18/2022,13832,74.5,,,,,,,,,,,,,
8/19/2022,14966,78.5,,,,,,,,,,,,,
8/20/2022,10112,73.5,1,,1,,,,1,,,,,,
8/21/2022,9816,74.5,1,,,,,,1,,,,,,
8/22/2022,12149,74.5,,,,,,,,,,,,,
8/23/2022,12046,75.5,,,,,,,,,,,,,
8/24/2022,12339,77,,,,,,,,,,,,,
8/25/2022,13216,75.5,1,,1,,,,,,,,,,
8/26/2022,13880,73.5,,,,,,,,,,,,,
8/27/2022,9008,73,,,,,,,,,,,,,
8/28/2022,8947,82,,,1,,,,,,,,,,
8/29/2022,11027,79.5,1,,1,,,,,,,,,,
8/30/2022,11566,74.5,,,,,,,,,,,,,
8/31/2022,12271,75.5,,,,,,,,,,,,,
9/1/2022,14520,79.5,,,,,,,,,,,,,
9/2/2022,16858,79.5,,,,,,,,,,,,,
9/3/2022,11643,81,,,,,,,,,,,,,
9/4/2022,8745,72.5,,,,,,,,,,,,,
9/5/2022,10938,71,,,,,,,,,,,,,
9/6/2022,12960,75.5,,,,,,,,,,,,,
9/7/2022,12556,75.5,,,,,,,,,,,,,
9/8/2022,13407,74.5,,,,,,,,,,,,,
9/9/2022,14601,76,,,,,,,,,,,,,
9/10/2022,9580,76.5,,,,,,,,,,,,,
9/11/2022,10008,67.5,1,,1,,,,,,,,,,
9/12/2022,13281,62,1,,,,,,1,,,,,,
9/13/2022,12635,71,,,,,,,,,,,,,
9/14/2022,13573,70,,,,,,,,,,,,,
9/15/2022,17483,73.5,1,,,,,,,,,,,,
9/16/2022,16331,75.5,,,,,,,,,,,,,
9/17/2022,9702,79.5,,,,,,,,,,,,,
9/18/2022,10150,79.5,,,1,,,,,,,,,,
9/19/2022,12969,73,,,1,,,,,,,,,,
9/20/2022,12191,80,1,,1,,,,,,,,,,
9/21/2022,12654,76.5,,,,,,,,,,,,,
9/22/2022,13663,61.5,,,,,,,,,,,,,
9/23/2022,14614,58.5,,,,,,,,,,,,,
9/24/2022,9452,65,1,,,,,,,,,,,,
9/25/2022,9415,63.5,1,,,,,,,,,,,,
9/26/2022,12419,59,,,,,,,,,,,,,
9/27/2022,12624,55.5,,,,,,,,,,,,,
9/28/2022,12370,56,,,,,,,,,,,,,
9/29/2022,14088,55,,,,,,,,,,,,,
9/30/2022,14719,58,,,,,,,,,,,,,
10/1/2022,8800,61,1,,,,,,1,,,,,,
10/2/2022,8941,63.5,,,,,,,,,,,,,
10/3/2022,12414,59.5,,,,,,,,,,,,,
10/4/2022,11562,61.5,,,,,,,,,,,,,
10/5/2022,13418,64.5,,,,,,,,,,,,,
10/6/2022,16931,65.5,1,,1,,,,,,,,,,
10/7/2022,22087,50,,,,,,,,,,,,,
10/8/2022,11886,49,,,,,,,,,,,,,
10/9/2022,11146,58.5,,,,,,,,,,,,,
10/10/2022,12909,63,,,,,,,,,,,,,
10/11/2022,14255,62.5,1,,,,,,1,,,,,,
10/12/2022,13164,58,1,,,,,,,,,,,,
10/13/2022,15449,50,,,,,,,,,,,,,
10/14/2022,14507,51.5,1,,,,,,,,,,,,
10/15/2022,9095,46,,,,,,,,,,,,,
10/16/2022,9339,49.5,,,,,,,,,,,,,
10/17/2022,12291,42,,,,,,,,,,,,,
10/18/2022,11542,43.5,,,,,,,,,,,,,
10/19/2022,11749,42.5,,,,,,,,,,,,,
10/20/2022,13104,48.5,,,,,,,,,,,,,
10/21/2022,13953,61.5,,,,,,,,,,,,,
10/22/2022,9721,70,,,,,,,,,,,,,
10/23/2022,10187,72.5,,,,,,,,,,,,,
10/24/2022,13296,71.5,,,1,,,,,,,,,,
10/25/2022,12017,60,1,,,,,,,,,,,,
10/26/2022,12552,50,,,,,,,,,,,,,
10/27/2022,13023,47.5,,,,,,,,,,,,,
10/28/2022,13276,53.5,,,,,,,,,,,,,
10/29/2022,8287,55,,,,,,,1,,,,,,
10/30/2022,7940,58,1,,,,,,,,,,,,
10/31/2022,11062,56.5,1,1,,,,,1,,,,,,
11/1/2022,11897,58,1,,,,,,1,,,,,,
11/2/2022,11574,61.5,,,,,,,,,,,,,
11/3/2022,13309,65,,,,,,,,,,,,,
11/4/2022,14231,69,1,,1,,,,,,,,,,
11/5/2022,7862,59,1,,,,,,1,,,,,,
11/6/2022,8846,55.5,,,,,,,,,,,,,
11/7/2022,11904,50,,,,,,,,,,,,,
11/8/2022,10548,49,,,,,,,,,,,,,
11/9/2022,12191,59,,,,,,,,,,,,,
11/10/2022,13953,67.5,,,,,,,,,,,,,
11/11/2022,13234,46.5,,,,,,,,,,,,,
11/12/2022,7735,35,,,,,,,,,,,,,
11/13/2022,8154,33,,,,,,,,,,,,,
11/14/2022,11849,34.5,,,,,,,,,,,,,
11/15/2022,11251,34.5,1,,,,,,,,,,,,
11/16/2022,11050,33,1,,,,,,,,,,,,
11/17/2022,11540,31.5,1,,,,,,,,,,,,
11/18/2022,12593,25.5,1,,,,,,1,,,,,,
11/19/2022,7734,21.5,1,,,,,,,,,,,,
11/20/2022,7069,23,,,,,,,,,,,,,
11/21/2022,10466,38,,,,,,,,,,,,,
11/22/2022,10552,40,,,,,,,,,,,,,
11/23/2022,11016,46,,,,,,,,,,,,,
11/24/2022,6427,45.5,,,,,,,,,,,,,
11/25/2022,10243,42.5,,,,,,,,,,,,,
11/26/2022,11368,44.5,,,,,,,,,,,,,
11/27/2022,12728,40.5,1,,,,,,,,,,,,
11/28/2022,13250,38.5,,,,,,,,,,,,,
11/29/2022,12112,47,1,,,,,,,,,,,,
11/30/2022,10656,27.5,,,,,,,,,,,,,
12/1/2022,11353,27.5,,,,,,,,,,,,,
12/2/2022,12228,44,,,,,,,,,,,,,
12/3/2022,8099,36.5,,,,,,,,,,,,,
12/4/2022,7559,29,,,,,,,,,,,,,
12/5/2022,10362,36,1,,,,,,,,,,,,
12/6/2022,10309,40,1,,,,,,,,,,,,
12/7/2022,10605,40.5,1,,,,,,1,,,,,,
12/8/2022,11647,38.5,,,,,,,,,,,,,
12/9/2022,11706,36.5,1,,,,,,,,,,,,
12/10/2022,8782,38,1,,,,,,1,,,,,,
12/11/2022,10113,38.5,1,,,,,,,,,,,,
12/12/2022,11041,39.5,,,,,,,,,,,,,
12/13/2022,10368,36,,,,,,,,,,,,,
12/14/2022,10193,40.5,1,,,,,,,,,,,,
12/15/2022,11155,34.5,1,,,,,,,,,,,,
12/16/2022,9937,28.5,1,,,,,,,,,,,,
12/17/2022,6959,23,1,,,,,,,,,,,,
12/18/2022,7904,17.5,,,,,,,,,,,,,
12/19/2022,9896,18,,,,,,,,,,,,,
12/20/2022,10358,27.5,,,,,,,,,,,,,
12/21/2022,9936,24.5,,,,,,,1,,,,,,
12/22/2022,8337,14,1,,,,,,1,1,,,,,
12/23/2022,5546,-5,,,,,,,,1,,,,,
12/24/2022,5521,6,,,,,,,,1,,,,,
12/25/2022,4919,8,,,,,,,,,,,,,
12/26/2022,8436,17,1,,,,,,,,,,,,
12/27/2022,10809,17,,,,,,,,,,,,,
12/28/2022,10388,35,,,,,,,,,,,,,
12/29/2022,10358,50.5,1,,,,,,,,,,,,
12/30/2022,11063,44,1,,,,,,,,,,,,
12/31/2022,7560,33,,,,,,,,,,,,,
1/1/2023,7118,41,1,,,,,,1,,,,,,
1/2/2023,8816,38,1,1,,,,,,,,,,,
1/3/2023,9495,44.5,1,1,1,,,,1,,,,,,
1/4/2023,9410,39,1,,,,,,1,,,,,,
1/5/2023,9363,32.5,1,,,,,,,,,,,,
1/6/2023,9164,29,1,,,,,,,,,,,,
1/7/2023,6906,30.5,,,,,,,,,,,,,
1/8/2023,7137,30.5,1,,,,,,,,,,,,
1/9/2023,9588,34.5,1,,,,,,,,,,,,
1/10/2023,9745,42.5,,,,,,,,,,,,,
1/11/2023,9190,45.5,1,,,,,,1,,,,,,
1/12/2023,9895,40,1,,,,,,1,,,,,,
1/13/2023,10425,31,1,,,,,,,,,,,,
1/14/2023,7423,27.5,,,,,,,,,,,,,
1/15/2023,6698,34.5,,,,,,,,,,,,,
1/16/2023,8809,46,1,,,,,,,,,,,,
1/17/2023,10140,43.5,1,,,,,,1,,,,,,
1/18/2023,9329,37.5,1,,,,,,,,,,,,
1/19/2023,9672,38,1,,,,,,,,,,,,
1/20/2023,9558,32.5,1,,,,,,,,,,,,
1/21/2023,6427,30,,,,,,,,,,,,,
1/22/2023,6380,31.5,1,,,,,,,,,,,,
1/23/2023,9592,27,1,,,,,1,,,,,,,
1/24/2023,9510,32.5,,,,,,,,,,,,,
1/25/2023,9006,33,1,,,,,,,,,,,,
1/26/2023,9640,23.5,1,,,,,,,,,,,,
1/27/2023,9448,25.5,1,,,,,1,1,,,,,,
1/28/2023,6019,25.5,1,,,1,,1,1,,,,,,
1/29/2023,6332,24.5,1,,,1,,1,,,,,,,
1/30/2023,9129,12.5,1,,,,,,,,,,,,
1/31/2023,8714,8.5,,,,,,,,,,,,,
2/1/2023,9024,17,,,,,,,,,,,,,
2/2/2023,9432,23,,,,,,,,,,,,,
2/3/2023,8246,6.5,,,,,,,,,,,,,
2/4/2023,6066,27.5,,,,,,,,,,,,,
2/5/2023,6802,36,,,,,,,,,,,,,
2/6/2023,9814,35,,,,,,,,,,,,,
2/7/2023,9503,40,,,,,,,,,,,,,
2/8/2023,9389,34,,,,,,,,,,,,,
2/9/2023,9687,41.5,1,,,,,,,,,,,,
2/10/2023,8275,33,1,,,,,,,,,,,,
2/11/2023,5059,35,,,,,,,,,,,,,
2/12/2023,6024,40,,,,,,,,,,,,,
2/13/2023,9959,43.5,,,,,,,,,,,,,
2/14/2023,9859,45,1,,,,,,,,,,,,
2/15/2023,9883,44.5,1,,,,,,,,,,,,
2/16/2023,10219,30.5,1,1,,1,,1,,1,,,,,
2/17/2023,10863,23,,,,,,,,,,,,,
2/18/2023,7546,35,,,,,,,,,,,,,
2/19/2023,7098,46,,,,,,,,,,,,,
2/20/2023,9501,38,,,,,,,,,,,,,
2/21/2023,10267,33,,,,,,,,,,,,,
2/22/2023,10099,35,1,,,,,,,,,,,,
2/23/2023,10631,33,1,,,,,,,,,,,,
2/24/2023,10668,23,1,,,,,,,,,,,,
2/25/2023,6665,32.5,,,,,,,,,,,,,
2/26/2023,6819,39,1,,,,,,,,,,,,
2/27/2023,9848,49,1,,1,,,,,,,,,,
2/28/2023,10296,44,,,,,,,,,,,,,
3/1/2023,10477,47,,,,,,,,,,,,,
3/2/2023,10670,36,,,,,,,,,,,,,
3/3/2023,10023,35.5,1,,,,,,,,,,,,
3/4/2023,7706,39,1,,,,,,,,,,,,
3/5/2023,7115,39.5,1,,,,,,,,,,,,
3/6/2023,10292,47,1,,1,,,,,,,,,,
3/7/2023,10444,40,,,,,,,,,,,,,
3/8/2023,10870,41,,,,,,,,,,,,,
3/9/2023,11761,37,1,,,1,,,,,,,,,
3/10/2023,12491,35,1,,,,,,,,,,,,
3/11/2023,8981,36,1,,,,,,,,,,,,
3/12/2023,7292,33.5,1,,,,,,,,,,,,
3/13/2023,10504,29.5,1,,,,,,,,,,,,
3/14/2023,10795,29.5,,,,,,,,,,,,,
3/15/2023,11802,37.5,,,,,,,,,,,,,
3/16/2023,12942,47,1,,,,,,,,,,,,
3/17/2023,11451,37.5,1,,,,,,,,,,,,
3/18/2023,7522,19.5,1,,,,,,,,,,,,
3/19/2023,8584,30,,,,,,,,,,,,,
3/20/2023,11510,40,,,,,,,,,,,,,
3/21/2023,10998,46.5,,,,,,,,,,,,,
3/22/2023,10595,47,1,,,,,,,,,,,,
3/23/2023,11026,43,1,,,,,,,,,,,,
3/24/2023,11706,41,,,,1,,,,,,,,,
3/25/2023,7940,40,1,,,,,,,,,,,,
3/26/2023,8462,41,1,,1,,,,,,,,,,
3/27/2023,11208,39.5,,,,,,,,,,,,,
3/28/2023,10874,41,,,,,,,,,,,,,
3/29/2023,11061,36.5,1,,,,,,,,,,,,
3/30/2023,12077,42.5,,,,,,,,,,,,,
3/31/2023,10378,60,1,,1,,,,1,,,,,,
4/1/2023,7429,42.5,1,,,,,,1,,,,,,
4/2/2023,7331,44,,,,,,,,,,,,,
4/3/2023,10871,53,,,,,,,,,,,,,
4/4/2023,10479,58.5,1,,1,,,,,,,,,,
4/5/2023,10937,56,,,1,,,,,,,,,,
4/6/2023,13364,43.5,,,,,,,,,,,,,
4/7/2023,12120,43.5,,,,,,,,,,,,,
4/8/2023,8280,51,,,,,,,,,,,,,
4/9/2023,9016,56,,,,,,,,,,,,,
4/10/2023,12384,59.5,,,,,,,,,,,,,
4/11/2023,12645,66,,,,,,,,,,,,,
4/12/2023,13943,71,,,,,,,,,,,,,
4/13/2023,13810,70,,,,,,,,,,,,,
4/14/2023,12989,70,,,,,,,,,,,,,
4/15/2023,8178,73.5,,,,,,,,,,,,,
4/16/2023,7797,49.5,1,,,,,,,,,,,,
4/17/2023,12340,36,1,,,,1,,,,,,,,
4/18/2023,11878,46,,,,,,,,,,,,,
4/19/2023,11914,58,,,1,,,,,,,,,,
4/20/2023,13526,65,,,1,,,,,,,,,,
4/21/2023,14581,54,,,,,,,,,,,,,
4/22/2023,8131,42.5,,,,,,,,,,,,,
4/23/2023,8270,39,,,,,,,,,,,,,
4/24/2023,12209,44.5,,,,,,,,,,,,,
4/25/2023,11626,41,1,,,,,,1,,,,,,
4/26/2023,12380,42,,,,,,,,,,,,,
4/27/2023,13699,52.5,,,,,,,,,,,,,
4/28/2023,13440,54,,,,,,,,,,,,,
4/29/2023,8491,50.5,1,,1,,,,,,,,,,
4/30/2023,8279,45,1,,,,,,,,,,,,
5/1/2023,12043,45.5,1,,,,,,,,,,,,
5/2/2023,12083,49,,,,,,,,,,,,,
5/3/2023,12445,49,,,,,,,,,,,,,
5/4/2023,14045,57,,,,,,,,,,,,,
5/5/2023,15416,67.5,,,,,,,,,,,,,
5/6/2023,10079,69.5,,,1,,,,,,,,,,
5/7/2023,9681,72.5,1,,1,,,,,,,,,,
5/8/2023,12596,59.5,1,,,,,,,,,,,,
5/9/2023,12644,59.5,,,,,,,,,,,,,
5/10/2023,12847,65.5,,,,,,,,,,,,,
5/11/2023,13523,70,,,,,,,,,,,,,
5/12/2023,13124,68,1,,,,,,,,,,,,
5/13/2023,8830,62.5,1,,,,,,1,,,,,,
5/14/2023,9131,60,,,,,,,,,,,,,
5/15/2023,13123,60.5,,,,,,,,,,,,,
5/16/2023,12704,66,,,,,,,,,,,,,
5/17/2023,12947,55,,,,,,,,,,,,,
5/18/2023,14533,61,,,,,,,,,,,,,
5/19/2023,15056,64.5,1,,,,,,1,,,,,,
5/20/2023,10039,60,,,,,,,,,,,,,
5/21/2023,10361,67,,,,,,,,,,,,,
5/22/2023,13883,68.5,,,,,,,,,,,,,
5/23/2023,13684,72,,,,,,,,,,,,,
5/24/2023,13609,62,,,,,,,,,,,,,
5/25/2023,14314,56,,,,,,,,,,,,,
5/26/2023,15945,60,,,,,,,,,,,,,
5/27/2023,11625,61,,,,,,,,,,,,,
5/28/2023,9758,67.5,,,,,,,,,,,,,
5/29/2023,11766,69,,,,,,,,,,,,,
5/30/2023,13597,75.5,,,,,,,,,,,,,
5/31/2023,12650,80.5,,,1,,,,,,,,,,
6/1/2023,15134,80,,,1,,,,,,,,,,
6/2/2023,17005,80,,,,,,,1,,,,,,
6/3/2023,10980,78.5,,,,,,,,,,,,,
6/4/2023,10777,70,,,,,,,,,,,,,
6/5/2023,13103,71.5,,,,,,,,,,,,,
6/6/2023,12843,71,1,,,,,,1,,,,,,
6/7/2023,13343,67,,,,,,,,,,,,,
6/8/2023,15135,65,,,,,,,,,,,,,
6/9/2023,16320,66.5,,,,,,,,,,,,,
6/10/2023,10515,74,,,,,,,,,,,,,
6/11/2023,10466,60,,,,,,,,,,,,,
6/12/2023,13139,61,,,,,,,,,,,,,
6/13/2023,12891,61.5,1,,,,,,,,,,,,
6/14/2023,13579,66,,,,,,,,,,,,,
6/15/2023,14744,68.5,1,,,,,,1,,,,,,
6/16/2023,15085,61,,,,,,,,,,,,,
6/17/2023,9868,65.5,1,,,,,,1,,,,,,
6/18/2023,9493,74,,,,,,,1,,,,,,
6/19/2023,12780,75.5,,,,,,,1,,,,,,
6/20/2023,13605,73,,,,,,,1,,,,,,
6/21/2023,13674,77.5,,,,,,,,,,,,,
6/22/2023,15320,77,,,,,,,,,,,,,
6/23/2023,15952,77,,,,,,,1,,,,,,
6/24/2023,10010,79,,,1,,,,,,,,,,
6/25/2023,10236,77,1,,1,,,,,,,,,,
6/26/2023,12883,72.5,1,,,,,,1,,,,,,
6/27/2023,14058,70,,,,,,,1,,,,,,
6/28/2023,13226,71.5,,,,,,,1,,,,,,
6/29/2023,13851,80,1,,1,,,,1,,,,,,
6/30/2023,15538,80,1,,,,,,1,,,,,,
7/1/2023,11570,79.5,,,1,,,,1,,,,,,
7/2/2023,10446,70.5,1,,1,,,,,,,,,,
7/3/2023,11446,74.5,,,,,,,,,,,,,
7/4/2023,9848,80.5,,,,,,,1,,,,,,
7/5/2023,12208,81.5,1,,1,,,,1,,,,,,
7/6/2023,15555,74,1,,,,,,,,,,,,
7/7/2023,14327,73,,,,,,,,,,,,,
7/8/2023,9620,69,1,,,,,,,,,,,,
7/9/2023,9924,72.5,,,,,,,,,,,,,
7/10/2023,12860,75,,,,,,,,,,,,,
7/11/2023,12562,78.5,1,1,1,,,,,,,,,,
7/12/2023,12451,71.5,1,,1,,,,,,1,,,,
7/13/2023,15694,71,,,,,,,,,,,,,
7/14/2023,15425,79.5,1,,1,,,,,,,,,,
7/15/2023,9846,77,,,1,,,,,,,,,,
7/16/2023,10667,74.5,,,,,,,1,,,,,,
7/17/2023,13357,73,,,,,,,1,,,,,,
7/18/2023,13127,70,,,,,,,,,,,,,
7/19/2023,14076,73.5,,,,,,,,,,,,,
7/20/2023,15481,79.5,,,,,,,,,,,,,
7/21/2023,16554,74.5,,,,,,,,,,,,,
7/22/2023,10825,75,,,1,,,,,,,,,,
7/23/2023,10563,75,1,,1,,,,,,,,,,
7/24/2023,13033,78,,,,,,,1,,,,,,
7/25/2023,12736,79.5,,,,,,,1,,,,,,
7/26/2023,12478,83.5,1,,1,,,,1,,,,,,
7/27/2023,14222,83,1,,,,,,,,,,,,
7/28/2023,13890,82,1,,1,,,,,,,,,,
7/29/2023,9989,76.5,,,1,,,,,,,,,,
7/30/2023,10327,73.5,,,,,,,,,,,,,
7/31/2023,13132,73,,,,,,,,,,,,,
8/1/2023,13908,77,,,,,,,,,,,,,
8/2/2023,19465,77,,,,,,,,,,1,,,
8/3/2023,20276,78,,,,,,,,,,1,,,
8/4/2023,16940,78.5,,,,,,,,,,,,,
8/5/2023,10908,71.5,1,,,,,,,,,,,,
8/6/2023,10765,69,1,,,,,,,,,,,,
8/7/2023,13245,73.5,,,,,,,,,,,,,
8/8/2023,13440,74.5,,,,,,,,,,,,,
8/9/2023,13272,72.5,1,,,,,,,,,,,,
8/10/2023,15330,75,1,,,,,,,,,,,,
8/11/2023,16473,78,,,,,,,,,,,,,
8/12/2023,10331,79.5,,,,,,,,,,,,,
8/13/2023,10544,74,,,,,,,,,,,,,
8/14/2023,12058,70,1,,1,,,,,,,,,,
8/15/2023,13671,70.5,1,,,,,,,,,,,,
8/16/2023,13559,69.5,,,,,,,,,,,,,
8/17/2023,14294,71.5,1,,1,,,,,,,,,,
8/18/2023,15754,68.5,,,,,,,1,,,,,,
8/19/2023,10971,73,,,,,,,,,,,,,
8/20/2023,10907,81.5,,,,,,,,,,,,,
8/21/2023,13360,77,,,,,,,,,,,,,
8/22/2023,12968,79,,,,,,,,,,,,,
8/23/2023,12677,86.5,1,,,,,,1,,,,,,
8/24/2023,13783,87,,,,,,,,,,,,,
8/25/2023,14997,76.5,,,,,,,,,,,,,
8/26/2023,10307,70.5,,,,,,,,,,,,,
8/27/2023,10401,70.5,,,,,,,,,,,,,
8/28/2023,13412,69,,,,,,,1,,,,,,
8/29/2023,12740,74.5,,,,,,,,,,,,,
8/30/2023,13111,64,,,,,,,,,,,,,
8/31/2023,16397,65,,,,,,,1,,,,,,
9/1/2023,17582,71.5,,,,,,,,,,,,,
9/2/2023,12808,76,,,,,,,,,,,,,
9/3/2023,9908,80.5,,,,,,,,,,,,,
9/4/2023,12266,82,,,,,,,,,,,,,
9/5/2023,14741,84,,,,,,,,,,,,,
9/6/2023,13657,74,,,1,,,,,,,,,,
9/7/2023,15601,67.5,,,,,,,,,,,,,
9/8/2023,15773,64.5,1,,,,,,1,,,,,,
9/9/2023,10860,65.5,,,,,,,,,,,,,
9/10/2023,11610,67.5,,,,,,,,,,,,,
9/11/2023,13600,65.5,1,,1,,,,,,,,,,
9/12/2023,13457,63.5,,,,,,,,,,,,,
9/13/2023,13251,62.5,,,,,,,,,,,,,
9/14/2023,16249,61,,,,,,,,,,,,,
9/15/2023,16770,65.5,,,,,,,,,,,,,
9/16/2023,10719,66,,,,,,,,,,,,,
9/17/2023,10815,62,1,,1,,,,,,,,,,
9/18/2023,14527,62,,,,,,,,,,,,,
9/19/2023,13522,62.5,,,,,,,,,,,,,
9/20/2023,14313,70.5,,,,,,,1,,,,,,
9/21/2023,16317,71,,,,,,,,,,,,,
9/22/2023,16372,71.5,,,,,,,,,,,,,
9/23/2023,11178,71,,,,,,,,,,,,,
9/24/2023,10608,68,,,,,,,,,,,,,
9/25/2023,13831,69.5,,,1,,,,,,,,,,
9/26/2023,13162,69,1,,1,,,,,,,,,,
9/27/2023,13212,66.5,1,,,,,,1,,,,,,
9/28/2023,15472,65.5,,,,,,,,,,,,,
9/29/2023,16160,66.5,1,1,,,,,1,,,,,,
9/30/2023,11349,71,,,,,,,,,,,,,
10/1/2023,11680,74,,,,,,,,,,,,,
10/2/2023,14567,74,,,,,,,,,,,,,
10/3/2023,14024,76,,,,,,,,,,,,,
10/4/2023,16129,77,1,,,,,,,,,,,,
10/5/2023,20358,65.5,1,,,,,,1,,,,1,,
10/6/2023,24603,53,,,,,,,,,,,1,,
10/7/2023,13719,52,,,,,,,,,,,,,
10/8/2023,11868,50.5,,,,,,,,,,,,,
10/9/2023,13590,51,,,,,,,,,,,,,
10/10/2023,14372,51.5,,,,,,,,,,,,,
10/11/2023,15030,54,1,,,,,,,,,,,,
10/12/2023,15660,58,1,,,,,,,,,,,,
10/13/2023,15987,56.5,1,,,,,,,,,,,,
10/14/2023,10034,53,1,,,,,,,,,,,,
10/15/2023,10960,52.5,1,,,,,,,,,,,,
10/16/2023,14198,48.5,,,,,,,,,,,,,
10/17/2023,14415,51.5,,,,,,,,,,,,,
10/18/2023,14531,56.5,,,,,,,,,,,,,
10/19/2023,15361,56,1,,,,,,,,,,,,
10/20/2023,16038,53.5,,,,,,,,,,,,,
10/21/2023,11303,55,1,,,,,,,,,,,,
10/22/2023,10835,50.5,,,,,,,,,,,,,
10/23/2023,14333,56,,,,,,,,,,,,,
10/24/2023,13730,70,,,,,,,,,,,,,
10/25/2023,14034,63.5,1,,,,,,,,,,,,
10/26/2023,14702,68,1,,,,,,,,,,,,
10/27/2023,15568,58.5,1,,,,,,,,,,,,
10/28/2023,10061,45,,,,,,,,,,,,,
10/29/2023,9196,44,1,,,,,,,,,,,,
10/30/2023,13049,37.5,,,,,,,,,,,,,
10/31/2023,11083,33,1,1,1,,,,,,,,,,
11/1/2023,13070,34,,,,,,,,,,,,,
11/2/2023,13646,44.5,,,,,,,,,,,,,
11/3/2023,14849,51,,,,,,,,,,,,,
11/4/2023,9690,50.5,,,,,,,,,,,,,
11/5/2023,10077,48.5,1,,,,,,,,,,,,
11/6/2023,13872,62.5,,,,,,,,,,,,,
11/7/2023,12456,51.5,,,,,,,,,,,,,
11/8/2023,13339,54.5,1,,1,,,,,,,,,,
11/9/2023,15695,49.5,,,,,,,,,,,,,
11/10/2023,14816,41.5,,,,,,,,,,,,,
11/11/2023,9537,41.5,,,,,,,,,,,,,
11/12/2023,10239,50,,,,,,,,,,,,,
11/13/2023,13863,51.5,,,,,,,,,,,,,
11/14/2023,13001,49.5,,,,,,,,,,,,,
11/15/2023,12889,55,,,,,,,,,,,,,
11/16/2023,13849,57,,,,,,,,,,,,,
11/17/2023,14783,49.5,1,,,,,,,,,,,,
11/18/2023,10255,42.5,,,,,,,,,,,,,
11/19/2023,8831,45,,,,,,,,,,,,,
11/20/2023,12224,46.5,1,,,,,,,,,,,,
11/21/2023,12035,41.5,1,,,,,,,,,,,,
11/22/2023,12486,40,,,,,,,,,,,,,
11/23/2023,7522,41,,,,,,,,,,,,1,
11/24/2023,11467,33,,,,,,,,,,,,1,
11/25/2023,12475,34,,,,,,,,,,,,,
11/26/2023,14193,32,1,,,,,,,,,,,,
11/27/2023,14493,24.5,,,,,,,,,,,,,
11/28/2023,13398,21,,,,,,,,,,,,,
11/29/2023,12263,31.5,,,,,,,,,,,,,
11/30/2023,12979,43.5,1,,,,,,,,,,,,
12/1/2023,13199,44.5,1,,,,,,,,,,,,
12/2/2023,9945,43.5,1,,,,,,,,,,,,
12/3/2023,8412,40,1,,,,,,,,,,,,
12/4/2023,11601,38,,,,,,,,,,,,,
12/5/2023,11203,37.5,1,,,,,,,,,,,,
12/6/2023,11469,36.5,,,,,,,,,,,,,
12/7/2023,13203,45,,,,,,,,,,,,,
12/8/2023,13706,50.5,,,,,,,,,,,,,
12/9/2023,9059,46.5,1,,1,,,,,,,,,,
12/10/2023,8138,34,,,,,,,,,,,,,
12/11/2023,11112,33,,,,,,,,,,,,,
12/12/2023,11158,34,,,,,,,,,,,,,
12/13/2023,11427,32.5,,,,,,,,,,,,,
12/14/2023,12491,41.5,,,,,,,,,,,,,
12/15/2023,12535,45,,,,,,,,,,,,,
12/16/2023,8573,45.5,1,,,,,,,,,,,,
12/17/2023,8327,41,1,,,,,,,,,,,,
12/18/2023,10883,29.5,1,,,,,,,,,,,,
12/19/2023,11638,26,,,,,,,,,,,,,
12/20/2023,11397,37,,,,,,,,,,,,,
12/21/2023,10924,42.5,,,,,,,,,,,,,
12/22/2023,10377,45.5,1,,,,,,,,,,,,
12/23/2023,8385,48,1,1,,,,,1,,,,,,
12/24/2023,7111,53,1,1,,,,,,,,,,,
12/25/2023,6621,55.5,1,,,,,,,,,,,,1
12/26/2023,12165,42,1,,,,,,,,,,,,
12/27/2023,13000,37.5,,,,,,,,,,,,,
12/28/2023,12773,41,1,,,,,,1,,,,,,
12/29/2023,12503,38,1,,,,,,,,,,,,
12/30/2023,10096,34,1,,,,,,,,,,,,
12/31/2023,8478,35,1,,,,,,,,,,,,
1/1/2024,8465,31.5,1,,,,,,,,,,,,
1/2/2024,10669,34.5,1,,,,,,1,,,,,,
1/3/2024,11287,34.5,1,,,,,1,,,,,,,
1/4/2024,11188,33,,,,,,,,,,,,,
1/5/2024,9045,32.5,1,,,,,,,,,,,,
1/6/2024,7655,33,1,,,,,,,,,,,,
1/7/2024,7313,34,1,,,,,,1,,,,,,
1/8/2024,10322,35,1,,,,,,,,,,,,
1/9/2024,9825,35.5,1,,,,,,,,,,,,
1/10/2024,10535,33,,,,,,,,,,,,,
1/11/2024,11165,31.5,1,,,,,,,,,,,,
1/12/2024,8858,34.5,1,1,,,,,,,,,,,
1/13/2024,7050,18,1,,,,,,,1,,,,,
1/14/2024,5390,-3.5,,,,,,,,1,,,,,
1/15/2024,6249,-2.5,,,,,,,,,,,,,
1/16/2024,7402,0,,,,,,,,,,,,,
1/17/2024,9561,13.5,,,,,,,,,,,,,
1/18/2024,10032,20.5,1,,,,,,,,,,,,
1/19/2024,9813,11,1,,,,,,,,,,,,
1/20/2024,7015,12.5,,,,,,,,,,,,,
1/21/2024,7516,12,,,,,,,,,,,,,
1/22/2024,10667,28.5,1,,,1,,1,,,,,,,
1/23/2024,9955,36,1,1,,,,1,,,,,,,
1/24/2024,10278,37,1,1,,,,,,,,,,,
1/25/2024,10571,40,1,1,,,,,,,,,,,
1/26/2024,10662,40.5,1,,,,,,,,,,,,
1/27/2024,6919,40,1,1,,,,,,,,,,,
1/28/2024,7032,38,1,,,,,,,,,,,,
1/29/2024,10558,35.5,1,,,,,,,,,,,,
1/30/2024,10128,39.5,1,,,,,,,,,,,,
