date,ridership,temperature,WT01,WT02,WT03,WT04,WT05,WT06,WT08,WT09,WT10,suenos_attendance,lo_attendance,taste_attendance,ma_attendance,ts_attendance,nas_attendance,newyeareve,thanksgivingeve,bear,stpatrick,ShamrockShuffle,4forjuly,christmas
1/1/2019,9596,31.5,1,,,,,,1,,,,,,,,,,,,,,,
1/2/2019,23867,29.5,1,,,,,,,,,,,,,,,,,,,,,
1/3/2019,26229,33,1,,,,,,,,,,,,,,,,,,,,,
1/4/2019,26257,41,,,,,,,,,,,,,,,,,,,,,,
1/5/2019,14378,42,,,,,,,,,,,,,,,,,,,,,,
1/6/2019,14580,39.5,,,,,,,,,,,,,,,,,,,,,,
1/7/2019,31504,48,,,,,,,,,,,,,,,,,,,,,,
1/8/2019,33185,36.5,,,,,,,,,,,,,,,,,,,,,,
1/9/2019,32003,21.5,,,,,,,,,,,,,,,,,,,,,,
1/10/2019,32757,20,,,,,,,,,,,,,,,,,,,,,,
1/11/2019,29142,26.5,,,,,,,,,,,,,,,,,,,,,,
1/12/2019,14005,31,,,,,,,,,,,,,,,,,,,,,,
1/13/2019,10596,29.5,,,,,,,,,,,,,,,,,,,,,,
1/14/2019,32635,24.5,,,,,,,,,,,,,,,,,,,,,,
1/15/2019,34086,29,,,,,,,,,,,,,,,,,,,,,,
1/16/2019,33691,32,,,,,,,,,,,,,,,,,,,,,,
1/17/2019,34329,32.5,,,,,,,,,,,,,,,,,,,,,,
1/18/2019,29702,30.5,,,,,,,,,,,,,,,,,,,,,,
1/19/2019,13999,22,,,,,,,,,,,,,,,,,,,,,,
1/20/2019,10846,12.5,,,,,,,,,,,,,,,,,,,,,,
1/21/2019,17113,11.5,,,,,,,,,,,,,,,,,,,,,,
1/22/2019,35191,24.5,,,,,,,,,,,,,,,,,,,,,,
1/23/2019,35212,28,,,,,,,,,,,,,,,,,,,,,,
1/24/2019,35357,13,,,,,,,,,,,,,,,,,,,,,,
1/25/2019,26654,1,,,,,,,,,,,,,,,,,,,,,,
1/26/2019,13940,4,,,,,,,,,,,,,,,,,,,,,,
1/27/2019,9980,5,,,,,,,,,,,,,,,,,,,,,,
1/28/2019,33609,22,,,,,,,,,,,,,,,,,,,,,,
1/29/2019,28420,1,,,,,,,,,,,,,,,,,,,,,,
1/30/2019,4371,-15.5,,,,,,,,,,,,,,,,,,,,,,
1/31/2019,10188,-9,,,,,,,,,,,,,,,,,,,,,,
2/1/2019,29391,11.5,,,,,,,,,,,,,,,,,,,,,,
2/2/2019,16241,28,,,,,,,,,,,,,,,,,,,,,,
2/3/2019,11135,43.5,,,,,,,,,,,,,,,,,,,,,,
2/4/2019,36272,40.5,,,,,,,,,,,,,,,,,,,,,,
2/5/2019,37205,30.5,,,,,,,,,,,,,,,,,,,,,,
2/6/2019,36361,35.5,,,,,,,,,,,,,,,,,,,,,,
2/7/2019,37498,28.5,,,,,,,,,,,,,,,,,,,,,,
2/8/2019,30235,10,,,,,,,,,,,,,,,,,,,,,,
2/9/2019,16096,16.5,,,,,,,,,,,,,,,,,,,,,,
2/10/2019,11180,26,,,,,,,,,,,,,,,,,,,,,,
2/11/2019,35452,30.5,,,,,,,,,,,,,,,,,,,,,,
2/12/2019,35654,27,,,,,,,,,,,,,,,,,,,,,,
2/13/2019,37201,21.5,,,,,,,,,,,,,,,,,,,,,,
2/14/2019,36848,38,,,,,,,,,,,,,,,,,,,,,,
2/15/2019,31982,22,,,,,,,,,,,,,,,,,,,,,,
2/16/2019,18243,24,,,,,,,,,,,,,,,,,,,,,,
2/17/2019,12567,27,,,,,,,,,,,,,,,,,,,,,,
2/18/2019,27844,26.5,,,,,,,,,,,,,,,,,,,,,,
2/19/2019,36611,23.5,,,,,,,,,,,,,,,,,,,,,,
2/20/2019,35857,33,,,,,,,,,,,,,,,,,,,,,,
2/21/2019,36453,30.5,,,,,,,,,,,,,,,,,,,,,,
2/22/2019,31840,30.5,,,,,,,,,,,,,,,,,,,,,,
2/23/2019,16177,42,,,,,,,,,,,,,,,,,,,,,,
2/24/2019,11182,30,,,,,,,,,,,,,,,,,,,,,,
2/25/2019,33738,15.5,,,,,,,,,,,,,,,,,,,,,,
2/26/2019,35265,21.5,,,,,,,,,,,,,,,,,,,,,,
2/27/2019,35962,24.5,,,,,,,,,,,,,,,,,,,,,,
2/28/2019,35993,20.5,,,,,,,,,,,,,,,,,,,,,,
3/1/2019,30723,29.5,,,,,,,,,,,,,,,,,,,,,,
3/2/2019,16475,31.5,,,,,,,,,,,,,,,,,,,,,,
3/3/2019,11250,17,,,,,,,,,,,,,,,,,,,,,,
3/4/2019,32347,6.5,,,,,,,,,,,,,,,,,,,,,,
3/5/2019,35601,15.5,,,,,,,,,,,,,,,,,,,,,,
3/6/2019,36002,21,,,,,,,,,,,,,,,,,,,,,,
3/7/2019,36211,22,,,,,,,,,,,,,,,,,,,,,,
3/8/2019,31134,31,,,,,,,,,,,,,,,,,,,,,,
3/9/2019,15884,36.5,,,,,,,,,,,,,,,,,,,,,,
3/10/2019,11371,34.5,,,,,,,,,,,,,,,,,,,,,,
3/11/2019,34414,35.5,,,,,,,,,,,,,,,,,,,,,,
3/12/2019,36237,37.5,,,,,,,,,,,,,,,,,,,,,,
3/13/2019,35218,51,,,,,,,,,,,,,,,,,,,,,,
3/14/2019,35170,52,,,,,,,,,,,,,,,,,,,,,,
3/15/2019,31694,36,,,,,,,,,,,,,,,,,,,,,,
3/16/2019,29331,36,,,,,,,,,,,,,,,,,,,,,,
3/17/2019,13141,37,,,,,,,,,,,,,,,,,,,,,,
3/18/2019,34154,36.5,,,,,,,,,,,,,,,,,,,,,,
3/19/2019,35167,40,,,,,,,,,,,,,,,,,,,,,,
3/20/2019,34020,42.5,,,,,,,,,,,,,,,,,,,,,,
3/21/2019,34319,41.5,,,,,,,,,,,,,,,,,,,,,,
3/22/2019,31037,39,,,,,,,,,,,,,,,,,,,,,,
3/23/2019,17664,40,1,,,,,,,,,,,,,,,,,,,,,
3/24/2019,16848,43.5,,,,,,,,,,,,,,,,,,,,,,
3/25/2019,29476,36.5,,,,,,,,,,,,,,,,,,,,,,
3/26/2019,30256,36.5,,,,,,,,,,,,,,,,,,,,,,
3/27/2019,30127,45,,,,,,,,,,,,,,,,,,,,,,
3/28/2019,30294,49.5,,,,,,,,,,,,,,,,,,,,,,
3/29/2019,28597,47,,,,,,,,,,,,,,,,,,,,,,
3/30/2019,15888,37.5,,,,,,,,,,,,,,,,,,,,,,
3/31/2019,11526,32,,,,,,,,,,,,,,,,,,,,,,
4/1/2019,34668,38,,,,,,,,,,,,,,,,,,,,,,
4/2/2019,36155,47.5,,,,,,,,,,,,,,,,,,,,,,
4/3/2019,36382,48,,,,,,,,,,,,,,,,,,,,,,
4/4/2019,36710,44,,,,,,,,,,,,,,,,,,,,,,
4/5/2019,31857,49,,,,,,,,,,,,,,,,,,,,,,
4/6/2019,19649,53,,,,,,,,,,,,,,,,,,,,,,
4/7/2019,12629,61.5,,,,,,,,,,,,,,,,,,,,,,
4/8/2019,37124,63.5,,,,,,,,,,,,,,,,,,,,,,
4/9/2019,37059,54.5,,,,,,,,,,,,,,,,,,,,,,
4/10/2019,37113,39,,,,,,,,,,,,,,,,,,,,,,
4/11/2019,36997,50,,,,,,,,,,,,,,,,,,,,,,
4/12/2019,32494,46.5,,,,,,,,,,,,,,,,,,,,,,
4/13/2019,19207,45.5,,,,,,,,,,,,,,,,,,,,,,
4/14/2019,10067,36.5,,,,,,,,,,,,,,,,,,,,,,
4/15/2019,34256,42.5,,,,,,,,,,,,,,,,,,,,,,
4/16/2019,35984,61,,,,,,,,,,,,,,,,,,,,,,
4/17/2019,35112,62.5,,,,,,,,,,,,,,,,,,,,,,
4/18/2019,33844,54.5,,,,,,,,,,,,,,,,,,,,,,
4/19/2019,27624,45,,,,,,,,,,,,,,,,,,,,,,
4/20/2019,16932,53,,,,,,,,,,,,,,,,,,,,,,
4/21/2019,12071,61.5,,,,,,,,,,,,,,,,,,,,,,
4/22/2019,33909,69,,,,,,,,,,,,,,,,,,,,,,
4/23/2019,36791,58,,,,,,,,,,,,,,,,,,,,,,
4/24/2019,36807,55,,,,,,,,,,,,,,,,,,,,,,
4/25/2019,36677,56.5,,,,,,,,,,,,,,,,,,,,,,
4/26/2019,32564,57.5,,,,,,,,,,,,,,,,,,,,,,
4/27/2019,15855,42,,,,,,,,,,,,,,,,,,,,,,
4/28/2019,12917,43,,,,,,,,,,,,,,,,,,,,,,
4/29/2019,33351,48,,,,,,,,,,,,,,,,,,,,,,
4/30/2019,35526,45,,,,,,,,,,,,,,,,,,,,,,
5/1/2019,36196,53,,,,,,,,,,,,,,,,,,,,,,
5/2/2019,36512,46,,,,,,,,,,,,,,,,,,,,,,
5/3/2019,34017,50.5,,,,,,,,,,,,,,,,,,,,,,
5/4/2019,21284,51.5,,,,,,,,,,,,,,,,,,,,,,
5/5/2019,15866,59,,,,,,,,,,,,,,,,,,,,,,
5/6/2019,35856,59.5,,,,,,,,,,,,,,,,,,,,,,
5/7/2019,37462,47.5,,,,,,,,,,,,,,,,,,,,,,
5/8/2019,37281,61.5,,,,,,,,,,,,,,,,,,,,,,
5/9/2019,37054,59,,,,,,,,,,,,,,,,,,,,,,
5/10/2019,35117,50.5,,,,,,,,,,,,,,,,,,,,,,
5/11/2019,21953,49.5,,,,,,,,,,,,,,,,,,,,,,
5/12/2019,16211,48,,,,,,,,,,,,,,,,,,,,,,
5/13/2019,34135,52,,,,,,,,,,,,,,,,,,,,,,
5/14/2019,34595,56.5,,,,,,,,,,,,,,,,,,,,,,
5/15/2019,33800,64.5,,,,,,,,,,,,,,,,,,,,,,
5/16/2019,33057,67.5,,,,,,,,,,,,,,,,,,,,,,
5/17/2019,30071,57.5,,,,,,,,,,,,,,,,,,,,,,
5/18/2019,17156,64,,,,,,,,,,,,,,,,,,,,,,
5/19/2019,12166,64,,,,,,,,,,,,,,,,,,,,,,
5/20/2019,33379,52,,,,,,,,,,,,,,,,,,,,,,
5/21/2019,34416,51,,,,,,,,,,,,,,,,,,,,,,
5/22/2019,35280,77,,,,,,,,,,,,,,,,,,,,,,
5/23/2019,39164,70,,,,,,,,,,,,,,,,,,,,,,
5/24/2019,29939,67,,,,,,,,,,,,,,,,,,,,,,
5/25/2019,20319,77.5,,,,,,,,,,,,,,,,,,,,,,
5/26/2019,15763,66.5,,,,,,,,,,,,,,,,,,,,,,
5/27/2019,10993,65.5,1,,1,,,,,,,,,,,,,,,,,,,
5/28/2019,33047,61.5,,,,,,,,,,,,,,,,,,,,,,
5/29/2019,33748,63,,,,,,,,,,,,,,,,,,,,,,
5/30/2019,34574,70.5,,,,,,,,,,,,,,,,,,,,,,
5/31/2019,31891,72,,,,,,,,,,,,,,,,,,,,,,
6/1/2019,16749,68,,,,,,,,,,,,,,,,,,,,,,
6/2/2019,13595,61,,,,,,,,,,,,,,,,,,,,,,
6/3/2019,34105,59.5,,,,,,,,,,,,,,,,,,,,,,
6/4/2019,35994,71.5,,,,,,,,,,,,,,,,,,,,,,
6/5/2019,35556,73,,,,,,,,,,,,,,,,,,,,,,
6/6/2019,36024,66.5,,,,,,,,,,,,,,,,,,,,,,
6/7/2019,31480,68.5,,,,,,,,,,,,,,,,,,,,,,
6/8/2019,21839,69.5,,,,,,,,,,,,,,,,,,,,,,
6/9/2019,15205,69,,,,,,,,,,,,,,,,,,,,,,
6/10/2019,31321,68.5,,,,,,,,,,,,,,,,,,,,,,
6/11/2019,32734,70,,,,,,,,,,,,,,,,,,,,,,
6/12/2019,32557,64.5,,,,,,,,,,,,,,,,,,,,,,
6/13/2019,33300,60.5,,,,,,,,,,,,,,,,,,,,,,
6/14/2019,33372,66.5,,,,,,,,,,,,,,,,,,,,,,
6/15/2019,20376,64,,,,,,,,,,,,,,,,,,,,,,
6/16/2019,16057,61.5,,,,,,,,,,,,,,,,,,,,,,
6/17/2019,30111,62,,,,,,,,,,,,,,,,,,,,,,
6/18/2019,33617,68.5,,,,,,,,,,,,,,,,,,,,,,
6/19/2019,32309,65.5,,,,,,,,,,,,,,,,,,,,,,
6/20/2019,33136,62.5,,,,,,,,,,,,,,,,,,,,,,
6/21/2019,36079,62.5,,,,,,,,,,,,,,,,,,,,,,
6/22/2019,23321,71,,,,,,,,,,,,,,,,,,,,,,
6/23/2019,14642,74,,,,,,,,,,,,,,,,,,,,,,
6/24/2019,31942,73,,,,,,,,,,,,,,,,,,,,,,
6/25/2019,37114,75,,,,,,,,,,,,,,,,,,,,,,
6/26/2019,35512,80,,,,,,,,,,,,,,,,,,,,,,
6/27/2019,33642,79.5,,,1,,,,,,,,,,,,,,,,,,,
6/28/2019,33448,81.5,1,,1,,,,,,,,,,,,,,,,,,,
6/29/2019,20201,79.5,,,,,,,,,,,,,,,,,,,,,,
6/30/2019,20863,80.5,,,,,,,,,,,,,,,,,,,,,,
7/1/2019,30297,80.5,,,,,,,,,,,,,,,,,,,,,,
7/2/2019,31704,81.5,1,,1,,,,,,,,,,,,,,,,,,,
7/3/2019,31584,78.5,1,,1,,,,,,,,,,,,,,,,,,,
7/4/2019,16969,80.5,1,,,,,,1,,,,,,,,,,,,,,,
7/5/2019,23719,84,,,1,,,,,,,,,,,,,,,,,,,
7/6/2019,18160,78,1,,,,,,,,,,,,,,,,,,,,,
7/7/2019,18858,73,,,,,,,,,,,,,,,,,,,,,,
7/8/2019,30932,74,,,,,,,,,,,,,,,,,,,,,,
7/9/2019,32400,78,,,,,,,1,,,,,,,,,,,,,,,
7/10/2019,35368,86,,,,,,,,,,,,,,,,,,,,,,
7/11/2019,38453,75,,,,,,,,,,,,,,,,,,,,,,
7/12/2019,38746,74.5,,,,,,,,,,,,,,,,,,,,,,
7/13/2019,27902,83.5,,,1,,,,,,,,,,,,,,,,,,,
7/14/2019,21120,81.5,,,,,,,,,,,,,,,,,,,,,,
7/15/2019,32608,83.5,,,,,,,,,,,,,,,,,,,,,,
7/16/2019,33964,78,1,,1,,,,,,,,,,,,,,,,,,,
7/17/2019,33464,82.5,1,,1,,,,,,,,,,,,,,,,,,,
7/18/2019,31750,79.5,1,,1,,,,,,,,,,,,,,,,,,,
7/19/2019,32459,88,,,,,,,,,,,,,,,,,,,,,,
7/20/2019,19066,86.5,,,1,,,,,,,,,,,,,,,,,,,
7/21/2019,16674,75.5,1,,1,,,,,,,,,,,,,,,,,,,
7/22/2019,31525,69.5,,,,,,,,,,,,,,,,,,,,,,
7/23/2019,32711,71.5,,,,,,,,,,,,,,,,,,,,,,
7/24/2019,32442,71,,,,,,,,,,,,,,,,,,,,,,
7/25/2019,33129,74.5,,,,,,,,,,,,,,,,,,,,,,
7/26/2019,31415,77,,,,,,,,,,,,,,,,,,,,,,
7/27/2019,19246,80.5,,,,,,,,,,,,,,,,,,,,,,
7/28/2019,14192,81.5,,,,,,,,,,,,,,,,,,,,,,
7/29/2019,29571,76,,,,,,,,,,,,,,,,,,,,,,
7/30/2019,32365,73,,,,,,,,,,,,,,,,,,,,,,
7/31/2019,34384,69.5,,,,,,,,,,,,,,,,,,,,,,
8/1/2019,46235,70,,,,,,,,,,,,,,,,,,,,,,
8/2/2019,50437,72.5,,,,,,,,,,,,,,,,,,,,,,
8/3/2019,36802,76.5,,,,,,,,,,,,,,,,,,,,,,
8/4/2019,31082,79.5,,,,,,,,,,,,,,,,,,,,,,
8/5/2019,32137,81,,,,,,,,,,,,,,,,,,,,,,
8/6/2019,32314,77.5,,,,,,,,,,,,,,,,,,,,,,
8/7/2019,33185,78,,,,,,,,,,,,,,,,,,,,,,
8/8/2019,35484,79.5,,,,,,,,,,,,,,,,,,,,,,
8/9/2019,32085,73,,,,,,,,,,,,,,,,,,,,,,
8/10/2019,19080,76.5,,,,,,,,,,,,,,,,,,,,,,
8/11/2019,14667,76.5,,,,,,,,,,,,,,,,,,,,,,
8/12/2019,28539,77.5,,,,,,,,,,,,,,,,,,,,,,
8/13/2019,30146,77.5,,,,,,,,,,,,,,,,,,,,,,
8/14/2019,30627,75,,,,,,,,,,,,,,,,,,,,,,
8/15/2019,30176,71.5,,,,,,,,,,,,,,,,,,,,,,
8/16/2019,28585,75,,,,,,,,,,,,,,,,,,,,,,
8/17/2019,17213,73.5,1,,1,,,,,,,,,,,,,,,,,,,
8/18/2019,12099,76.5,,,,,,,,,,,,,,,,,,,,,,
8/19/2019,28840,78,,,,,,,,,,,,,,,,,,,,,,
8/20/2019,29878,73,,,,,,,,,,,,,,,,,,,,,,
8/21/2019,31716,74.5,,,,,,,,,,,,,,,,,,,,,,
8/22/2019,32269,73.5,,,,,,,,,,,,,,,,,,,,,,
8/23/2019,31789,70.5,,,,,,,,,,,,,,,,,,,,,,
8/24/2019,18184,68.5,,,,,,,,,,,,,,,,,,,,,,
8/25/2019,14434,70,,,,,,,,,,,,,,,,,,,,,,
8/26/2019,29535,72,,,,,,,,,,,,,,,,,,,,,,
8/27/2019,32302,73.5,,,,,,,,,,,,,,,,,,,,,,
8/28/2019,32499,68,,,,,,,,,,,,,,,,,,,,,,
8/29/2019,35445,73,,,,,,,,,,,,,,,,,,,,,,
8/30/2019,31495,68,,,,,,,,,,,,,,,,,,,,,,
8/31/2019,19826,70,,,,,,,,,,,,,,,,,,,,,,
9/1/2019,16055,67.5,,,,,,,,,,,,,,,,,,,,,,
9/2/2019,14495,72.5,,,,,,,,,,,,,,,,,,,,,,
9/3/2019,34275,74.5,,,,,,,,,,,,,,,,,,,,,,
9/4/2019,34630,66,,,,,,,,,,,,,,,,,,,,,,
9/5/2019,44179,65.5,,,,,,,,,,,,,,,,,,,,,,
9/6/2019,33840,70,,,,,,,,,,,,,,,,,,,,,,
9/7/2019,19232,68,,,,,,,,,,,,,,,,,,,,,,
9/8/2019,17213,64.5,,,,,,,,,,,,,,,,,,,,,,
9/9/2019,33988,70,,,,,,,,,,,,,,,,,,,,,,
9/10/2019,36255,82,,,,,,,,,,,,,,,,,,,,,,
9/11/2019,39533,80.5,,,,,,,,,,,,,,,,,,,,,,
9/12/2019,40998,75,,,,,,,,,,,,,,,,,,,,,,
9/13/2019,35879,70.5,,,,,,,,,,,,,,,,,,,,,,
9/14/2019,23531,69.5,,,,,,,,,,,,,,,,,,,,,,
9/15/2019,15704,71,,,,,,,,,,,,,,,,,,,,,,
9/16/2019,39626,71.5,,,,,,,,,,,,,,,,,,,,,,
9/17/2019,41606,72.5,,,,,,,,,,,,,,,,,,,,,,
9/18/2019,41526,73.5,,,,,,,,,,,,,,,,,,,,,,
9/19/2019,41190,74.5,,,,,,,,,,,,,,,,,,,,,,
9/20/2019,38505,77.5,,,,,,,,,,,,,,,,,,,,,,
9/21/2019,20196,76,,,,,,,,,,,,,,,,,,,,,,
9/22/2019,13268,72.5,1,,1,,,,,,,,,,,,,,,,,,,
9/23/2019,39193,68.5,,,,,,,,,,,,,,,,,,,,,,
9/24/2019,40450,69,,,,,,,,,,,,,,,,,,,,,,
9/25/2019,41374,72.5,,,,,,,,,,,,,,,,,,,,,,
9/26/2019,40788,65,,,,,,,,,,,,,,,,,,,,,,
9/27/2019,33607,65.5,,,,,,,,,,,,,,,,,,,,,,
9/28/2019,20064,63.5,,,,,,,,,,,,,,,,,,,,,,
9/29/2019,17035,65.5,,,,,,,,,,,,,,,,,,,,,,
9/30/2019,38202,76.5,,,,,,,,,,,,,,,,,,,,,,
10/1/2019,40209,80,,,,,,,,,,,,,,,,,,,,,,
10/2/2019,40138,70.5,,,,,,,,,,,,,,,,,,,,,,
10/3/2019,40141,60.5,,,,,,,,,,,,,,,,,,,,,,
10/4/2019,34694,53.5,,,,,,,,,,,,,,,,,,,,,,
10/5/2019,18479,57,,,,,,,,,,,,,,,,,,,,,,
10/6/2019,16786,60,,,,,,,,,,,,,,,,,,,,,,
10/7/2019,37904,59.5,,,,,,,,,,,,,,,,,,,,,,
10/8/2019,41087,59.5,,,,,,,,,,,,,,,,,,,,,,
10/9/2019,39227,62.5,,,,,,,,,,,,,,,,,,,,,,
10/10/2019,41242,62.5,,,,,,,,,,,,,,,,,,,,,,
10/11/2019,36798,53.5,1,,,,,,1,,,,,,,,,,,,,,,
10/12/2019,26509,46,,,,,,,,,,,,,,,,,,,,,,
10/13/2019,49347,47,,,,,,,,,,,,,,,,,,,,,,
10/14/2019,37224,47,,,,,,,,,,,,,,,,,,,,,,
10/15/2019,41285,54,,,,,,,,,,,,,,,,,,,,,,
10/16/2019,41262,48,,,,,,,,,,,,,,,,,,,,,,
10/17/2019,41849,48.5,,,,,,,,,,,,,,,,,,,,,,
10/18/2019,35362,49.5,,,,,,,,,,,,,,,,,,,,,,
10/19/2019,25232,58,,,,,,,,,,,,,,,,,,,,,,
10/20/2019,22142,55,,,,,,,,,,,,,,,,,,,,,,
10/21/2019,37495,60,,,,,,,,,,,,,,,,,,,,,,
10/22/2019,39050,48.5,,,,,,,,,,,,,,,,,,,,,,
10/23/2019,40053,50,,,,,,,,,,,,,,,,,,,,,,
10/24/2019,39245,46.5,,,,,,,,,,,,,,,,,,,,,,
10/25/2019,33896,45.5,,,,,,,,,,,,,,,,,,,,,,
10/26/2019,19224,45,,,,,,,,,,,,,,,,,,,,,,
10/27/2019,19096,51.5,,,,,,,,,,,,,,,,,,,,,,
10/28/2019,37143,46.5,,,,,,,,,,,,,,,,,,,,,,
10/29/2019,39142,42.5,,,,,,,,,,,,,,,,,,,,,,
10/30/2019,37319,37.5,,,,,,,,,,,,,,,,,,,,,,
10/31/2019,35289,32,,,,,,,,,,,,,,,,,,,,,,
11/1/2019,33135,35.5,1,,,,,,,,,,,,,,,,,,,,,
11/2/2019,18643,39,1,,,,,,,,,,,,,,,,,,,,,
11/3/2019,16940,42.5,,,,,,,,,,,,,,,,,,,,,,
11/4/2019,37420,46.5,,,,,,,,,,,,,,,,,,,,,,
11/5/2019,39505,36.5,,,,,,,,,,,,,,,,,,,,,,
11/6/2019,39361,44.5,1,,,1,,,,,,,,,,,,,,,,,,
11/7/2019,39150,27,1,,,,,,,,,,,,,,,,,,,,,
11/8/2019,32323,25,,,,,,,,,,,,,,,,,,,,,,
11/9/2019,20120,38,,,,,,,,,,,,,,,,,,,,,,
11/10/2019,17855,40,,,,,,,,,,,,,,,,,,,,,,
11/11/2019,32221,25.5,1,,,,,,,1,,,,,,,,,,,,,,
11/12/2019,37428,14,,,,,,,,,,,,,,,,,,,,,,
11/13/2019,37407,20.5,1,,,,,,,,,,,,,,,,,,,,,
11/14/2019,37870,29,1,,,,,,,,,,,,,,,,,,,,,
11/15/2019,33326,30,,,,,,,1,,,,,,,,,,,,,,,
11/16/2019,19542,35.5,1,,,,,,1,,,,,,,,,,,,,,,
11/17/2019,13007,35.5,1,,,,,,,,,,,,,,,,,,,,,
11/18/2019,36602,39,1,,,,,,,,,,,,,,,,,,,,,
11/19/2019,38609,38.5,,,,,,,,,,,,,,,,,,,,,,
11/20/2019,37058,44,,,,,,,,,,,,,,,,,,,,,,
11/21/2019,36760,48,,,,,,,,,,,,,,,,,,,,,,
11/22/2019,35236,34.5,,,,,,,,,,,,,,,,,,,,,,
11/23/2019,20518,34,,,,,,,,,,,,,,,,,,,,,,
11/24/2019,17392,41.5,,,,,,,,,,,,,,,,,,,,,,
11/25/2019,34498,46.5,,,,,,,,,,,,,,,,,,,,,,
11/26/2019,33357,43.5,,,,,,,,,,,,,,,,,,,,,,
11/27/2019,25757,45.5,,,,,,,,,,,,,,,,,,,,,,
11/28/2019,8630,35.5,,,,,,,,,,,,,,,,,,,,,,
11/29/2019,16407,37.5,,,,,,,,,,,,,,,,,,,,,,
11/30/2019,13263,38.5,1,,,,,,1,,,,,,,,,,,,,,,
12/1/2019,10611,38,1,,,,,,,,,,,,,,,,,,,,,
12/2/2019,31711,34.5,,,,,,,,,,,,,,,,,,,,,,
12/3/2019,33787,35,,,,,,,,,,,,,,,,,,,,,,
12/4/2019,33756,38,,,,,,,,,,,,,,,,,,,,,,
12/5/2019,37919,37,,,,,,,,,,,,,,,,,,,,,,
12/6/2019,32901,35,,,,,,,,,,,,,,,,,,,,,,
12/7/2019,19005,32,,,,,,,,,,,,,,,,,,,,,,
12/8/2019,12958,41.5,1,,,,,,1,,,,,,,,,,,,,,,
12/9/2019,31116,37,1,,,,,,,,,,,,,,,,,,,,,
12/10/2019,32064,20,1,,,,,,,,,,,,,,,,,,,,,
12/11/2019,31793,19.5,,,,,,,,,,,,,,,,,,,,,,
12/12/2019,32780,33,,,,,,,,,,,,,,,,,,,,,,
12/13/2019,30844,39.5,,,,,,,,,,,,,,,,,,,,,,
12/14/2019,15518,31,,,,,,,,,,,,,,,,,,,,,,
12/15/2019,10907,23.5,1,,,,,,,,,,,,,,,,,,,,,
12/16/2019,28003,28,,,,,,,,,,,,,,,,,,,,,,
12/17/2019,28977,25.5,,,,,,,,,,,,,,,,,,,,,,
12/18/2019,28587,21,,,,,,,,,,,,,,,,,,,,,,
12/19/2019,28407,26.5,,,,,,,,,,,,,,,,,,,,,,
12/20/2019,27065,32.5,,,,,,,,,,,,,,,,,,,,,,
12/21/2019,15527,40.5,,,,,,,,,,,,,,,,,,,,,,
12/22/2019,15316,42.5,,,,,,,,,,,,,,,,,,,,,,
12/23/2019,20801,44.5,,,,,,,,,,,,,,,,,,,,,,
12/24/2019,12720,41.5,,,,,,,,,,,,,,,,,,,,,,
12/25/2019,4886,50.5,,,,,,,,,,,,,,,,,,,,,,
12/26/2019,17026,51,,,,,,,,,,,,,,,,,,,,,,
12/27/2019,19132,35,,,,,,,,,,,,,,,,,,,,,,
12/28/2019,12561,41,,,,,,,,,,,,,,,,,,,,,,
12/29/2019,10695,53,,,,,,,,,,,,,,,,,,,,,,
12/30/2019,20850,38,,,,,,,,,,,,,,,,,,,,,,
12/31/2019,18573,28,,,,,,,,,,,,,,,,,,,,,,
1/1/2020,9809,32.5,1,,,,,,,,,,,,,,,,,,,,,
1/2/2020,24125,43,,,,,,,,,,,,,,,,,,,,,,
1/3/2020,24736,38.5,,,,,,,,,,,,,,,,,,,,,,
1/4/2020,12742,31,,,,,,,,,,,,,,,,,,,,,,
1/5/2020,9580,34,,,,,,,,,,,,,,,,,,,,,,
1/6/2020,31071,34,,,,,,,,,,,,,,,,,,,,,,
1/7/2020,32839,35,,,,,,,,,,,,,,,,,,,,,,
1/8/2020,32082,23.5,,,,,,,,,,,,,,,,,,,,,,
1/9/2020,31942,36.5,,,,,,,,,,,,,,,,,,,,,,
1/10/2020,27898,44.5,,,,,,,,,,,,,,,,,,,,,,
1/11/2020,13044,32.5,,,,,,,,,,,,,,,,,,,,,,
1/12/2020,9984,29,1,,,,,,1,,,,,,,,,,,,,,,
1/13/2020,33175,33.5,,,,,,,,,,,,,,,,,,,,,,
1/14/2020,34453,36,,,,,,,,,,,,,,,,,,,,,,
1/15/2020,34419,33,,,,,,,,,,,,,,,,,,,,,,
1/16/2020,33769,23.5,,,,,,,,,,,,,,,,,,,,,,
1/17/2020,29315,23.5,,,,,,,,,,,,,,,,,,,,,,
1/18/2020,15652,21.5,1,,,1,,,1,,,,,,,,,,,,,,,
1/19/2020,9920,11.5,,,,,,,,,,,,,,,,,,,,,,
1/20/2020,17884,25,,,,,,,,,,,,,,,,,,,,,,
1/21/2020,34556,24,1,,,,,,,,,,,,,,,,,,,,,
1/22/2020,34790,29.5,,,,,,,,,,,,,,,,,,,,,,
1/23/2020,34930,33,,,,,,,,,,,,,,,,,,,,,,
1/24/2020,29949,36.5,,,,,,,,,,,,,,,,,,,,,,
1/25/2020,15139,34,,,,,,,,,,,,,,,,,,,,,,
1/26/2020,11447,31,,,,,,,,,,,,,,,,,,,,,,
1/27/2020,35175,32,,,,,,,,,,,,,,,,,,,,,,
1/28/2020,36791,32,,,,,,,,,,,,,,,,,,,,,,
1/29/2020,36024,32,,,,,,,,,,,,,,,,,,,,,,
1/30/2020,35746,32.5,,,,,,,,,,,,,,,,,,,,,,
1/31/2020,29845,34,,,,,,,,,,,,,,,,,,,,,,
2/1/2020,15810,35.5,,,,,,,,,,,,,,,,,,,,,,
2/2/2020,11733,44.5,,,,,,,,,,,,,,,,,,,,,,
2/3/2020,34923,38.5,,,,,,,,,,,,,,,,,,,,,,
2/4/2020,36483,34.5,,,,,,,,,,,,,,,,,,,,,,
2/5/2020,36521,29,,,,,,,,,,,,,,,,,,,,,,
2/6/2020,35548,29,,,,,,,,,,,,,,,,,,,,,,
2/7/2020,31304,29.5,,,,,,,,,,,,,,,,,,,,,,
2/8/2020,16020,30.5,,,,,,,,,,,,,,,,,,,,,,
2/9/2020,10489,30,,,,,,,,,,,,,,,,,,,,,,
2/10/2020,34860,31.5,1,,,,,,1,,,,,,,,,,,,,,,
2/11/2020,36588,30,,,,,,,,,,,,,,,,,,,,,,
2/12/2020,35242,30,,,,,,,,,,,,,,,,,,,,,,
2/13/2020,35528,18.5,,,,,,,,,,,,,,,,,,,,,,
2/14/2020,30306,6.5,,,,,,,,,,,,,,,,,,,,,,
2/15/2020,17031,20,,,,,,,,,,,,,,,,,,,,,,
2/16/2020,13126,31,,,,,,,,,,,,,,,,,,,,,,
2/17/2020,27071,34.5,1,,,,,,,,,,,,,,,,,,,,,
2/18/2020,36221,32.5,,,,,,,,,,,,,,,,,,,,,,
2/19/2020,35869,24,,,,,,,,,,,,,,,,,,,,,,
2/20/2020,35514,18,,,,,,,,,,,,,,,,,,,,,,
2/21/2020,32499,24.5,,,,,,,,,,,,,,,,,,,,,,
2/22/2020,17130,38,,,,,,,,,,,,,,,,,,,,,,
2/23/2020,12463,44.5,,,,,,,,,,,,,,,,,,,,,,
2/24/2020,34132,40.5,,,,,,,,,,,,,,,,,,,,,,
2/25/2020,35385,35.5,,,,,,,,,,,,,,,,,,,,,,
2/26/2020,34806,29,,,,,,,,,,,,,,,,,,,,,,
2/27/2020,35411,26.5,,,,,,,,,,,,,,,,,,,,,,
2/28/2020,31725,24,,,,,,,,,,,,,,,,,,,,,,
2/29/2020,18116,25.5,,,,,,,,,,,,,,,,,,,,,,
3/1/2020,12658,44,,,,,,,,,,,,,,,,,,,,,,
3/2/2020,33639,42.5,,,,,,,,,,,,,,,,,,,,,,
3/3/2020,35622,41,,,,,,,1,,,,,,,,,,,,,,,
3/4/2020,35376,42,1,,,,,,,,,,,,,,,,,,,,,
3/5/2020,35177,42.5,,,,,,,,,,,,,,,,,,,,,,
3/6/2020,30434,33.5,,,,,,,,,,,,,,,,,,,,,,
3/7/2020,18944,37.5,1,,,,,,,,,,,,,,,,,,,,,
3/8/2020,12272,53,,,,,,,,,,,,,,,,,,,,,,
3/9/2020,32373,53,1,,,,,,,,,,,,,,,,,,,,,
3/10/2020,32999,43,1,,,,,,,,,,,,,,,,,,,,,
3/11/2020,32752,40,1,,,,,,1,,,,,,,,,,,,,,,
3/12/2020,28323,46,1,,,,,,1,,,,,,,,,,,,,,,
3/13/2020,22082,41.5,,,,,,,,,,,,,,,,,,,,,,
3/14/2020,10046,36.5,1,,,,,,1,,,,,,,,,,,,,,,
3/15/2020,6978,36.5,,,,,,,,,,,,,,,,,,,,,,
3/16/2020,12728,36.5,1,,,,,,1,,,,,,,,,,,,,,,
3/17/2020,9681,42.5,1,,,,,,,,,,,,,,,,,,,,,
3/18/2020,7942,42,1,,,,,,,,,,,,,,,,,,,,,
3/19/2020,7360,51.5,1,,,,,,,,,,,,,,,,,,,,,
3/20/2020,6882,47,1,,,,,,,,,,,,,,,,,,,,,
3/21/2020,3518,30,,,,,,,,,,,,,,,,,,,,,,
3/22/2020,2344,32,1,,,,,,1,,,,,,,,,,,,,,,
3/23/2020,4153,38.5,1,,,,,,1,,,,,,,,,,,,,,,
3/24/2020,4372,39.5,1,,,,,,1,,,,,,,,,,,,,,,
3/25/2020,4444,44,1,,,,,,1,,,,,,,,,,,,,,,
3/26/2020,4258,45,1,,,,,,1,,,,,,,,,,,,,,,
3/27/2020,4315,44,1,,1,,,,,,,,,,,,,,,,,,,
3/28/2020,2733,56,1,,1,,,,,,,,,,,,,,,,,,,
3/29/2020,2351,53.5,,,,,,,,,,,,,,,,,,,,,,
3/30/2020,3954,44.5,,,,,,,,,,,,,,,,,,,,,,
3/31/2020,3952,40,1,,,,,,,,,,,,,,,,,,,,,
4/1/2020,4226,44.5,,,,,,,,,,,,,,,,,,,,,,
4/2/2020,3947,45,1,,,,,,1,,,,,,,,,,,,,,,
4/3/2020,4271,58,,,,,,,,,,,,,,,,,,,,,,
4/4/2020,2608,46,1,,,,,,,,,,,,,,,,,,,,,
4/5/2020,2237,43.5,,,,,,,,,,,,,,,,,,,,,,
4/6/2020,3602,50.5,1,,1,,,,,,,,,,,,,,,,,,,
4/7/2020,3849,67.5,1,,1,,,,,,,,,,,,,,,,,,,
4/8/2020,3740,59,1,,1,,,,1,,,,,,,,,,,,,,,
4/9/2020,3635,43,,,,,,,,,,,,,,,,,,,,,,
4/10/2020,3581,42.5,,,,,,,,,,,,,,,,,,,,,,
4/11/2020,2431,53.5,1,,,,,,,,,,,,,,,,,,,,,
4/12/2020,1803,57.5,1,,,,,,,,,,,,,,,,,,,,,
4/13/2020,3249,45,1,,,,,,,,,,,,,,,,,,,,,
4/14/2020,3356,35.5,,,,,,,,,,,,,,,,,,,,,,
4/15/2020,3450,34,1,,,,,,1,,,,,,,,,,,,,,,
4/16/2020,3306,37,,,,,,,,,,,,,,,,,,,,,,
4/17/2020,3321,37.5,1,,,,,,,,,,,,,,,,,,,,,
4/18/2020,2309,46,,,,,,,,,,,,,,,,,,,,,,
4/19/2020,1898,51,,,,,,,,,,,,,,,,,,,,,,
4/20/2020,3277,50.5,,,1,,,,,,,,,,,,,,,,,,,
4/21/2020,3142,44.5,,,,,,,,,,,,,,,,,,,,,,
4/22/2020,3288,51,,,,,,,,,,,,,,,,,,,,,,
4/23/2020,3209,51.5,1,,,,,,1,,,,,,,,,,,,,,,
4/24/2020,3304,45.5,1,,,,,,1,,,,,,,,,,,,,,,
4/25/2020,2178,44.5,1,,,,,,,,,,,,,,,,,,,,,
4/26/2020,1997,52.5,,,,,,,,,,,,,,,,,,,,,,
4/27/2020,3199,53.5,1,,1,,,,,,,,,,,,,,,,,,,
4/28/2020,3355,64.5,1,,1,,,,,,,,,,,,,,,,,,,
4/29/2020,3188,52,1,,,,,,,,,,,,,,,,,,,,,
4/30/2020,3394,48,1,,,,,,,,,,,,,,,,,,,,,
5/1/2020,3828,52,,,,,,,,,,,,,,,,,,,,,,
5/2/2020,2690,68.5,,,,,,,,,,,,,,,,,,,,,,
5/3/2020,2185,60.5,,,,,,,,,,,,,,,,,,,,,,
5/4/2020,3324,44.5,,,,,,,,,,,,,,,,,,,,,,
5/5/2020,3211,45,1,,,,,,,,,,,,,,,,,,,,,
5/6/2020,3522,49.5,,,,,,,,,,,,,,,,,,,,,,
5/7/2020,3498,56,,,,,,,,,,,,,,,,,,,,,,
5/8/2020,3414,40,,,,,,,,,,,,,,,,,,,,,,
5/9/2020,2679,45,,,,,,,,,,,,,,,,,,,,,,
5/10/2020,1803,45,1,,1,,,,,,,,,,,,,,,,,,,
5/11/2020,3253,45,,,,,,,,,,,,,,,,,,,,,,
5/12/2020,3349,50.5,,,,,,,,,,,,,,,,,,,,,,
5/13/2020,3504,57,,,,,,,,,,,,,,,,,,,,,,
5/14/2020,3227,64,1,,1,,,,,,,,,,,,,,,,,,,
5/15/2020,3565,67,1,,1,,,,,,,,,,,,,,,,,,,
5/16/2020,2555,60.5,1,,,,,,1,,,,,,,,,,,,,,,
5/17/2020,1802,61,1,,1,,,,,,,,,,,,,,,,,,,
5/18/2020,3338,59,1,,,,,,,,,,,,,,,,,,,,,
5/19/2020,3387,56.5,1,1,,,,,,,,,,,,,,,,,,,,
5/20/2020,3610,60,,,,,,,,,,,,,,,,,,,,,,
5/21/2020,3627,62,1,,,,,,,,,,,,,,,,,,,,,
5/22/2020,3644,63.5,1,,,,,,1,,,,,,,,,,,,,,,
5/23/2020,2393,68,1,,1,,,,,,,,,,,,,,,,,,,
5/24/2020,2056,76.5,,,,,,,,,,,,,,,,,,,,,,
5/25/2020,2129,79,,,,,,,,,,,,,,,,,,,,,,
5/26/2020,3529,79.5,,,1,,,,1,,,,,,,,,,,,,,,
5/27/2020,3678,79.5,,,1,,,,,,,,,,,,,,,,,,,
5/28/2020,3515,74,1,,1,,,,1,,,,,,,,,,,,,,,
5/29/2020,4007,67,1,,1,,,,,,,,,,,,,,,,,,,
5/30/2020,2060,63.5,,,,,,,,,,,,,,,,,,,,,,
5/31/2020,64,59,,,,,,,,,,,,,,,,,,,,,,
6/1/2020,20,66,,,,,,,1,,,,,,,,,,,,,,,
6/2/2020,12,80.5,,,,,,,,,,,,,,,,,,,,,,
6/3/2020,2611,77.5,,,,,,,,,,,,,,,,,,,,,,
6/4/2020,3035,77,,,1,,,,1,,,,,,,,,,,,,,,
6/5/2020,3175,80.5,,,,,,,,,,,,,,,,,,,,,,
6/6/2020,3638,68.5,1,,,,,,,,,,,,,,,,,,,,,
6/7/2020,2122,69,,,,,,,,,,,,,,,,,,,,,,
6/8/2020,4140,78,,,,,,,1,,,,,,,,,,,,,,,
6/9/2020,4018,82.5,1,,1,,,,,,,,,,,,,,,,,,,
6/10/2020,4110,73,1,,1,,,,,,,,,,,,,,,,,,,
6/11/2020,4485,71,,,,,,,,,,,,,,,,,,,,,,
6/12/2020,4558,67.5,,,1,,,,,,,,,,,,,,,,,,,
6/13/2020,3206,60.5,,,1,,,,,,,,,,,,,,,,,,,
6/14/2020,2604,63.5,,,,,,,,,,,,,,,,,,,,,,
6/15/2020,4437,64,,,,,,,,,,,,,,,,,,,,,,
6/16/2020,4615,71.5,,,,,,,,,,,,,,,,,,,,,,
6/17/2020,4807,75.5,,,,,,,,,,,,,,,,,,,,,,
6/18/2020,4837,75.5,,,,,,,,,,,,,,,,,,,,,,
6/19/2020,5511,81,,,,,,,1,,,,,,,,,,,,,,,
6/20/2020,3183,81,1,,1,,,,,,,,,,,,,,,,,,,
6/21/2020,2869,76.5,,,1,,,,,,,,,,,,,,,,,,,
6/22/2020,4583,76,1,,1,,,,,,,,,,,,,,,,,,,
6/23/2020,5382,71,,,,,,,,,,,,,,,,,,,,,,
6/24/2020,5666,70,,,1,,,,,,,,,,,,,,,,,,,
6/25/2020,5571,73.5,,,,,,,,,,,,,,,,,,,,,,
6/26/2020,5170,77.5,1,,1,,,,,,,,,,,,,,,,,,,
6/27/2020,4204,80.5,1,,,,,,,,,,,,,,,,,,,,,
6/28/2020,3435,78,,,,,,,,,,,,,,,,,,,,,,
6/29/2020,5381,82.5,1,,1,,,,,,,,,,,,,,,,,,,
6/30/2020,5628,81,,,1,,,,,,,,,,,,,,,,,,,
7/1/2020,6069,81,,,,,,,,,,,,,,,,,,,,,,
7/2/2020,6077,81,,,,,,,,,,,,,,,,,,,,,,
7/3/2020,5227,79,,,,,,,1,,,,,,,,,,,,,,,
7/4/2020,4141,81,,,,,,,1,,,,,,,,,,,,,,,
7/5/2020,3549,81.5,,,,,,,1,,,,,,,,,,,,,,,
7/6/2020,5909,85,,,,,,,,,,,,,,,,,,,,,,
7/7/2020,5891,84.5,,,1,,,,,,,,,,,,,,,,,,,
7/8/2020,6201,83.5,,,1,,,,,,,,,,,,,,,,,,,
7/9/2020,6068,82.5,1,,1,,,,,,,,,,,,,,,,,,,
7/10/2020,6406,78.5,1,,,,,,,,,,,,,,,,,,,,,
7/11/2020,4529,77.5,,,,,,,,,,,,,,,,,,,,,,
7/12/2020,3610,73,,,,,,,,,,,,,,,,,,,,,,
7/13/2020,5928,72.5,,,,,,,,,,,,,,,,,,,,,,
7/14/2020,6082,76,,,,,,,,,,,,,,,,,,,,,,
7/15/2020,5805,77.5,1,,,,,,,,,,,,,,,,,,,,,
7/16/2020,6149,76.5,1,,,,,,,,,,,,,,,,,,,,,
7/17/2020,6718,78,,,,,,,,,,,,,,,,,,,,,,
7/18/2020,4434,83.5,,,,,,,,,,,,,,,,,,,,,,
7/19/2020,3260,77,1,,1,,,,,,,,,,,,,,,,,,,
7/20/2020,6308,77,,,,,,,,,,,,,,,,,,,,,,
7/21/2020,5836,77,,,,,,,,,,,,,,,,,,,,,,
7/22/2020,6041,79,,,,,,,,,,,,,,,,,,,,,,
7/23/2020,6341,73,,,,,,,,,,,,,,,,,,,,,,
7/24/2020,6623,75.5,,,,,,,,,,,,,,,,,,,,,,
7/25/2020,4973,79.5,,,,,,,1,,,,,,,,,,,,,,,
7/26/2020,3633,85,,,,,,,,,,,,,,,,,,,,,,
7/27/2020,5737,79,1,,,,,,,,,,,,,,,,,,,,,
7/28/2020,6146,78.5,,,,,,,,,,,,,,,,,,,,,,
7/29/2020,6263,81.5,,,,,,,,,,,,,,,,,,,,,,
7/30/2020,6384,77.5,,,,,,,,,,,,,,,,,,,,,,
7/31/2020,6741,75.5,,,,,,,,,,,,,,,,,,,,,,
8/1/2020,4874,72,1,,,,,,,,,,,,,,,,,,,,,
8/2/2020,3761,75,1,,1,,,,,,,,,,,,,,,,,,,
8/3/2020,6294,69,,,,,,,,,,,,,,,,,,,,,,
8/4/2020,6468,66.5,,,,,,,,,,,,,,,,,,,,,,
8/5/2020,6442,66.5,,,,,,,,,,,,,,,,,,,,,,
8/6/2020,6567,72.5,,,,,,,,,,,,,,,,,,,,,,
8/7/2020,6941,73,,,,,,,,,,,,,,,,,,,,,,
8/8/2020,4818,77,,,,,,,,,,,,,,,,,,,,,,
8/9/2020,3888,81,,,1,,,,,,,,,,,,,,,,,,,
8/10/2020,3151,79.5,1,,1,,,,,,,,,,,,,,,,,,,
8/11/2020,4931,74,,,,,,,,,,,,,,,,,,,,,,
8/12/2020,5559,73,,,,,,,,,,,,,,,,,,,,,,
8/13/2020,5798,77,,,,,,,,,,,,,,,,,,,,,,
8/14/2020,6036,79.5,,,,,,,,,,,,,,,,,,,,,,
8/15/2020,4014,79.5,,,1,,,,,,,,,,,,,,,,,,,
8/16/2020,3550,74,,,,,,,,,,,,,,,,,,,,,,
8/17/2020,5907,76.5,,,,,,,,,,,,,,,,,,,,,,
8/18/2020,6169,72,,,,,,,,,,,,,,,,,,,,,,
8/19/2020,6335,70,,,,,,,,,,,,,,,,,,,,,,
8/20/2020,6416,73.5,,,,,,,,,,,,,,,,,,,,,,
8/21/2020,6673,76,,,,,,,,,,,,,,,,,,,,,,
8/22/2020,4781,77.5,,,,,,,,,,,,,,,,,,,,,,
8/23/2020,3662,80,,,1,,,,,,,,,,,,,,,,,,,
8/24/2020,6158,84,,,,,,,,,,,,,,,,,,,,,,
8/25/2020,6314,83.5,,,,,,,,,,,,,,,,,,,,,,
8/26/2020,6512,84.5,,,,,,,,,,,,,,,,,,,,,,
8/27/2020,6471,85.5,,,,,,,,,,,,,,,,,,,,,,
8/28/2020,6691,85.5,1,,1,,,,,,,,,,,,,,,,,,,
8/29/2020,4913,76,,,,,,,,,,,,,,,,,,,,,,
8/30/2020,3853,71,,,,,,,,,,,,,,,,,,,,,,
8/31/2020,6403,75,1,,,,,,,,,,,,,,,,,,,,,
9/1/2020,6512,71.5,1,,1,,,,,,,,,,,,,,,,,,,
9/2/2020,6892,79,,,,,,,,,,,,,,,,,,,,,,
9/3/2020,7408,76.5,,,,,,,,,,,,,,,,,,,,,,
9/4/2020,7531,68,,,,,,,,,,,,,,,,,,,,,,
9/5/2020,5684,73.5,,,,,,,,,,,,,,,,,,,,,,
9/6/2020,4277,70.5,,,1,,,,,,,,,,,,,,,,,,,
9/7/2020,4412,72,1,,1,,,,,,,,,,,,,,,,,,,
9/8/2020,6428,64,1,,1,,,,,,,,,,,,,,,,,,,
9/9/2020,6839,63.5,1,,1,,,,1,,,,,,,,,,,,,,,
9/10/2020,7186,63,1,,,,,,,,,,,,,,,,,,,,,
9/11/2020,7638,65.5,1,,,,,,1,,,,,,,,,,,,,,,
9/12/2020,5089,68,1,,,,,,1,,,,,,,,,,,,,,,
9/13/2020,4699,68.5,1,,,,,,1,,,,,,,,,,,,,,,
9/14/2020,6811,66,1,,,,,,,,,,,,,,,,,,,,,
9/15/2020,7008,68.5,,,,,,,,,,,,,,,,,,,,,,
9/16/2020,7545,71,,,,,,,,,,,,,,,,,,,,,,
9/17/2020,7293,65,,,,,,,,,,,,,,,,,,,,,,
9/18/2020,7960,55.5,,,,,,,,,,,,,,,,,,,,,,
9/19/2020,6110,56,,,,,,,,,,,,,,,,,,,,,,
9/20/2020,4559,61.5,,,,,,,,,,,,,,,,,,,,,,
9/21/2020,6982,63.5,,,,,,,,,,,,,,,,,,,,,,
9/22/2020,7270,67,,,,,,,,,,,,,,,,,,,,,,
9/23/2020,7267,68.5,,,,,,,,,,,,,,,,,,,,,,
9/24/2020,7301,67.5,,,,,,,,,,,,,,,,,,,,,,
9/25/2020,7843,70,,,,,,,,,,,,,,,,,,,,,,
9/26/2020,6003,70.5,1,,,,,,1,,,,,,,,,,,,,,,
9/27/2020,4493,66,1,,,,,,,,,,,,,,,,,,,,,
9/28/2020,7018,57,1,,,,,,,,,,,,,,,,,,,,,
9/29/2020,7151,53,,,,,,,,,,,,,,,,,,,,,,
9/30/2020,7276,59.5,,,,,,,,,,,,,,,,,,,,,,
10/1/2020,7673,52,1,,,,,,,,,,,,,,,,,,,,,
10/2/2020,7936,49.5,,,,,,,,,,,,,,,,,,,,,,
10/3/2020,6054,51.5,1,,,,,,,,,,,,,,,,,,,,,
10/4/2020,4532,48.5,,,,,,,,,,,,,,,,,,,,,,
10/5/2020,7295,49.5,,,,,,,,,,,,,,,,,,,,,,
10/6/2020,7058,63,,,,,,,,,,,,,,,,,,,,,,
10/7/2020,7275,65.5,,,,,,,,,,,,,,,,,,,,,,
10/8/2020,7679,60,,,,,,,,,,,,,,,,,,,,,,
10/9/2020,8009,66.5,,,,,,,1,,,,,,,,,,,,,,,
10/10/2020,6023,67.5,,,,,,,,,,,,,,,,,,,,,,
10/11/2020,4660,62.5,,,,,,,,,,,,,,,,,,,,,,
10/12/2020,6324,57,1,,1,,,,1,,,,,,,,,,,,,,,
10/13/2020,7389,58.5,,,,,,,,,,,,,,,,,,,,,,
10/14/2020,7377,62.5,,,,,,,,,,,,,,,,,,,,,,
10/15/2020,7487,53,,,,,,,,,,,,,,,,,,,,,,
10/16/2020,7934,45.5,,,,,,,,,,,,,,,,,,,,,,
10/17/2020,6037,51.5,,,,,,,,,,,,,,,,,,,,,,
10/18/2020,4145,49.5,1,,,,,,,,,,,,,,,,,,,,,
10/19/2020,6816,46,1,,,,,,,,,,,,,,,,,,,,,
10/20/2020,7087,49,1,,1,,,,1,,,,,,,,,,,,,,,
10/21/2020,7310,52,1,,1,,,,,,,,,,,,,,,,,,,
10/22/2020,7281,63.5,1,,1,,,,1,,,,,,,,,,,,,,,
10/23/2020,7210,55.5,1,,1,,,,,,,,,,,,,,,,,,,
10/24/2020,5798,41,,,,,,,,,,,,,,,,,,,,,,
10/25/2020,4122,44.5,1,,,,,,,,,,,,,,,,,,,,,
10/26/2020,6803,38,1,,,,,,,,,,,,,,,,,,,,,
10/27/2020,6709,35,1,,,1,,,,,,,,,,,,,,,,,,
10/28/2020,7119,41.5,,,,,,,,,,,,,,,,,,,,,,
10/29/2020,7255,43,,,,,,,,,,,,,,,,,,,,,,
10/30/2020,7675,37,,,,,,,,,,,,,,,,,,,,,,
10/31/2020,5255,45.5,,,,,,,,,,,,,,,,,,,,,,
11/1/2020,3733,43,,,,,,,,,,,,,,,,,,,,,,
11/2/2020,6778,39.5,,,,,,,,,,,,,,,,,,,,,,
11/3/2020,6253,54,,,,,,,,,,,,,,,,,,,,,,
11/4/2020,6341,62,,,,,,,,,,,,,,,,,,,,,,
11/5/2020,6806,63.5,,,,,,,,,,,,,,,,,,,,,,
11/6/2020,7201,61.5,,,,,,,,,,,,,,,,,,,,,,
11/7/2020,5593,62,,,,,,,,,,,,,,,,,,,,,,
11/8/2020,4231,65.5,,,,,,,,,,,,,,,,,,,,,,
11/9/2020,6867,69.5,,,,,,,,,,,,,,,,,,,,,,
11/10/2020,6435,59,1,,1,,,,1,,,,,,,,,,,,,,,
11/11/2020,6402,40.5,,,,,,,,,,,,,,,,,,,,,,
11/12/2020,6923,44,,,,,,,1,,,,,,,,,,,,,,,
11/13/2020,7086,38,,,,,,,,,,,,,,,,,,,,,,
11/14/2020,4639,39.5,1,,1,,,,,,,,,,,,,,,,,,,
11/15/2020,3403,44.5,1,,,,,,1,,,,,,,,,,,,,,,
11/16/2020,6346,40,,,,,,,,,,,,,,,,,,,,,,
11/17/2020,6037,36,,,,,,,,,,,,,,,,,,,,,,
11/18/2020,6149,43,,,,,,,,,,,,,,,,,,,,,,
11/19/2020,6338,55.5,,,,,,,,,,,,,,,,,,,,,,
11/20/2020,6527,53.5,,,,,,,,,,,,,,,,,,,,,,
11/21/2020,4298,43,,,,,,,,,,,,,,,,,,,,,,
11/22/2020,3069,43,,,,,,,1,,,,,,,,,,,,,,,
11/23/2020,5938,39.5,,,,,,,,,,,,,,,,,,,,,,
11/24/2020,5778,39,1,,,,,,,,,,,,,,,,,,,,,
11/25/2020,5643,45.5,1,1,,,,,,,,,,,,,,,,,,,,
11/26/2020,2290,42.5,1,,,,,,1,,,,,,,,,,,,,,,
11/27/2020,4649,39,1,,,,,,,,,,,,,,,,,,,,,
11/28/2020,4089,39,,,,,,,,,,,,,,,,,,,,,,
11/29/2020,3060,43.5,,,,,,,,,,,,,,,,,,,,,,
11/30/2020,5443,33.5,,,,,,,,,,,,,,,,,,,,,,
12/1/2020,5908,30,,,,,,,,,,,,,,,,,,,,,,
12/2/2020,5879,35.5,,,,,,,,,,,,,,,,,,,,,,
12/3/2020,6042,38,,,,,,,,,,,,,,,,,,,,,,
12/4/2020,6134,38.5,,,,,,,,,,,,,,,,,,,,,,
12/5/2020,4180,35.5,,,,,,,,,,,,,,,,,,,,,,
12/6/2020,3079,35.5,1,,,,,,,,,,,,,,,,,,,,,
12/7/2020,5508,36,,,,,,,,,,,,,,,,,,,,,,
12/8/2020,5710,35,1,,,,,,1,,,,,,,,,,,,,,,
12/9/2020,5971,42.5,1,,,,,,,,,,,,,,,,,,,,,
12/10/2020,6132,44,1,,,,,,1,,,,,,,,,,,,,,,
12/11/2020,5746,40,1,,,,,,1,,,,,,,,,,,,,,,
12/12/2020,3889,37,1,,,,,,1,,,,,,,,,,,,,,,
12/13/2020,3148,32,,,,,,,,,,,,,,,,,,,,,,
12/14/2020,5596,28.5,,,,,,,,,,,,,,,,,,,,,,
12/15/2020,5458,28,,,,,,,,,,,,,,,,,,,,,,
12/16/2020,5609,31.5,1,,,,,,1,,,,,,,,,,,,,,,
12/17/2020,5697,32,,,,,,,,,,,,,,,,,,,,,,
12/18/2020,5771,30.5,,,,,,,,,,,,,,,,,,,,,,
12/19/2020,4089,40,,,,,,,,,,,,,,,,,,,,,,
12/20/2020,2995,37,1,,,,,,,,,,,,,,,,,,,,,
12/21/2020,5596,40,,,,,,,,,,,,,,,,,,,,,,
12/22/2020,5615,36.5,,,,,,,,,,,,,,,,,,,,,,
12/23/2020,5618,42.5,1,,,,,,,,,,,,,,,,,,,,,
12/24/2020,3856,18.5,1,,,,,,,,,,,,,,,,,,,,,
12/25/2020,1464,15.5,,,,,,,,,,,,,,,,,,,,,,
12/26/2020,3219,27,,,,,,,,,,,,,,,,,,,,,,
12/27/2020,2756,36,,,,,,,,,,,,,,,,,,,,,,
12/28/2020,5060,28,,,,,,,,,,,,,,,,,,,,,,
12/29/2020,4989,25.5,1,,,,,1,,,,,,,,,,,,,,,,
12/30/2020,5180,31,1,,,,,1,,,,,,,,,,,,,,,,
12/31/2020,4724,26.5,,,,,,,,,,,,,,,,,,,,,,
1/1/2021,2471,29.5,1,,,1,,1,1,,,,,,,,,,,,,,,
1/2/2021,3571,33,1,,,,,,,,,,,,,,,,,,,,,
1/3/2021,2820,30.5,1,,,,,,1,,,,,,,,,,,,,,,
1/4/2021,5432,28,1,1,,,,1,1,,,,,,,,,,,,,,,
1/5/2021,5195,33,1,,,,,,1,,,,,,,,,,,,,,,
1/6/2021,5525,34.5,1,,,,,,1,,,,,,,,,,,,,,,
1/7/2021,5509,37,,,,,,,,,,,,,,,,,,,,,,
1/8/2021,5512,33.5,1,,,,,,1,,,,,,,,,,,,,,,
1/9/2021,3717,32.5,,,,,,,,,,,,,,,,,,,,,,
1/10/2021,2677,28,,,,,,,,,,,,,,,,,,,,,,
1/11/2021,5440,26,1,,,,,,1,,,,,,,,,,,,,,,
1/12/2021,5555,32.5,,,,,,,,,,,,,,,,,,,,,,
1/13/2021,5746,36.5,,,,,,,,,,,,,,,,,,,,,,
1/14/2021,5648,37,1,,,,,,,,,,,,,,,,,,,,,
1/15/2021,5646,33,1,,,,,,,,,,,,,,,,,,,,,
1/16/2021,3822,32.5,1,,,,,,,,,,,,,,,,,,,,,
1/17/2021,2908,31,1,,,,,,,,,,,,,,,,,,,,,
1/18/2021,4513,27,,,,,,,,,,,,,,,,,,,,,,
1/19/2021,5547,26.5,1,1,,,,,1,,,,,,,,,,,,,,,
1/20/2021,5413,24.5,,,,,,,,,,,,,,,,,,,,,,
1/21/2021,6042,36.5,,,,,,,,,,,,,,,,,,,,,,
1/22/2021,5927,22,,,,,,,,,,,,,,,,,,,,,,
1/23/2021,4325,21,,,,,,,,,,,,,,,,,,,,,,
1/24/2021,3186,31,1,,,,,,,,,,,,,,,,,,,,,
1/25/2021,5808,32,1,,,1,,,,,,,,,,,,,,,,,,
1/26/2021,5288,29.5,1,,,,,,,,,,,,,,,,,,,,,
1/27/2021,5926,21.5,,,,,,,,,,,,,,,,,,,,,,
1/28/2021,5886,18.5,,,,,,,,,,,,,,,,,,,,,,
1/29/2021,6296,25.5,,,,,,,,,,,,,,,,,,,,,,
1/30/2021,4350,31.5,1,,,,,,,,,,,,,,,,,,,,,
1/31/2021,2922,31.5,1,,,,,,,,,,,,,,,,,,,,,
2/1/2021,6182,28.5,,,,,,,,,,,,,,,,,,,,,,
2/2/2021,5964,27,,,,,,,,,,,,,,,,,,,,,,
2/3/2021,6427,26.5,,,,,,,,,,,,,,,,,,,,,,
2/4/2021,6216,29,1,1,,,,,,1,,,,,,,,,,,,,,
2/5/2021,5865,14,1,,,,,,,1,,,,,,,,,,,,,,
2/6/2021,4036,9,1,,,,,,,,,,,,,,,,,,,,,
2/7/2021,2772,0,,,,,,,,,,,,,,,,,,,,,,
2/8/2021,5565,8.5,1,,,,,,,,,,,,,,,,,,,,,
2/9/2021,5839,11,1,,,,,,,,,,,,,,,,,,,,,
2/10/2021,5960,12,1,,,,,,,,,,,,,,,,,,,,,
2/11/2021,6370,14.5,1,,,,,,,,,,,,,,,,,,,,,
2/12/2021,6521,15,1,,,,,,,,,,,,,,,,,,,,,
2/13/2021,4851,7,1,,,,,,,,,,,,,,,,,,,,,
2/14/2021,3337,1.5,1,,,,,,,,,,,,,,,,,,,,,
2/15/2021,4876,9.5,1,,,,,,,1,,,,,,,,,,,,,,
2/16/2021,4626,15,1,,,,,,1,1,,,,,,,,,,,,,,
2/17/2021,6063,15,,,,,,,1,,,,,,,,,,,,,,,
2/18/2021,6583,20.5,1,,,,,,,,,,,,,,,,,,,,,
2/19/2021,6577,14,,,,,,,1,,,,,,,,,,,,,,,
2/20/2021,4864,16.5,1,,,,,,1,,,,,,,,,,,,,,,
2/21/2021,3385,28.5,1,,,1,,,,,,,,,,,,,,,,,,
2/22/2021,6228,33,1,,,1,,,1,,,,,,,,,,,,,,,
2/23/2021,6537,41,,,,,,,,,,,,,,,,,,,,,,
2/24/2021,6531,38.5,,,,,,,,,,,,,,,,,,,,,,
2/25/2021,6808,32,,,,,,,,,,,,,,,,,,,,,,
2/26/2021,7092,33,,,,1,,,,,,,,,,,,,,,,,,
2/27/2021,5550,42,1,1,,,,,,,,,,,,,,,,,,,,
2/28/2021,3727,41.5,1,,,,,,,,,,,,,,,,,,,,,
3/1/2021,6411,29.5,,,,,,,,,,,,,,,,,,,,,,
3/2/2021,6513,33,,,,,,,,,,,,,,,,,,,,,,
3/3/2021,6939,47.5,,,,,,,,,,,,,,,,,,,,,,
3/4/2021,6772,34.5,,,,,,,,,,,,,,,,,,,,,,
3/5/2021,7169,37.5,,,,,,,,,,,,,,,,,,,,,,
3/6/2021,5406,37.5,,,,,,,,,,,,,,,,,,,,,,
3/7/2021,4566,38.5,,,,,,,1,,,,,,,,,,,,,,,
3/8/2021,6917,53.5,,,,,,,,,,,,,,,,,,,,,,
3/9/2021,6806,56,,,,,,,,,,,,,,,,,,,,,,
3/10/2021,6924,62,,,,,,,,,,,,,,,,,,,,,,
3/11/2021,7085,53.5,,,,,,,,,,,,,,,,,,,,,,
3/12/2021,7440,45.5,,,,,,,,,,,,,,,,,,,,,,
3/13/2021,6345,46.5,,,,,,,,,,,,,,,,,,,,,,
3/14/2021,4029,42.5,,,,,,,,,,,,,,,,,,,,,,
3/15/2021,6339,35,1,,,1,,1,,,,,,,,,,,,,,,,
3/16/2021,6699,35.5,1,,,,,,,,,,,,,,,,,,,,,
3/17/2021,7013,37,1,,,,,,1,,,,,,,,,,,,,,,
3/18/2021,6968,40,1,,,,,,,,,,,,,,,,,,,,,
3/19/2021,7714,39.5,,,,,,,,,,,,,,,,,,,,,,
3/20/2021,6301,45,,,,,,,,,,,,,,,,,,,,,,
3/21/2021,4747,52.5,,,,,,,,,,,,,,,,,,,,,,
3/22/2021,7274,57.5,,,,,,,,,,,,,,,,,,,,,,
3/23/2021,6759,59,1,,,,,,,,,,,,,,,,,,,,,
3/24/2021,7463,54,1,,,,,,,,,,,,,,,,,,,,,
3/25/2021,7330,44,1,,,,,,,,,,,,,,,,,,,,,
3/26/2021,7625,39,1,,,,,,,,,,,,,,,,,,,,,
3/27/2021,6085,51.5,1,,,,,,1,,,,,,,,,,,,,,,
3/28/2021,4570,43,,,,,,,,,,,,,,,,,,,,,,
3/29/2021,7189,47,,,,,,,,,,,,,,,,,,,,,,
3/30/2021,7396,57,,,,,,,,,,,,,,,,,,,,,,
3/31/2021,7221,39.5,,,,,,,,,,,,,,,,,,,,,,
4/1/2021,7699,32.5,,,,,,,,,,,,,,,,,,,,,,
4/2/2021,8162,38.5,,,,,,,,,,,,,,,,,,,,,,
4/3/2021,6735,55.5,,,,,,,,,,,,,,,,,,,,,,
4/4/2021,4511,60,,,,,,,,,,,,,,,,,,,,,,
4/5/2021,7232,68.5,,,1,,,,,,,,,,,,,,,,,,,
4/6/2021,7591,70,,,,,,,,,,,,,,,,,,,,,,
4/7/2021,7910,71.5,,,,,,,,,,,,,,,,,,,,,,
4/8/2021,7283,59.5,1,,,,,,,,,,,,,,,,,,,,,
4/9/2021,8096,56.5,1,,,,,,1,,,,,,,,,,,,,,,
4/10/2021,5875,51.5,1,,,,,,,,,,,,,,,,,,,,,
4/11/2021,4587,50.5,1,,,,,,,,,,,,,,,,,,,,,
4/12/2021,7314,56,1,,,,,,,,,,,,,,,,,,,,,
4/13/2021,7647,49,,,,,,,,,,,,,,,,,,,,,,
4/14/2021,7662,44,,,,,,,,,,,,,,,,,,,,,,
4/15/2021,7712,47.5,,,,,,,,,,,,,,,,,,,,,,
4/16/2021,8701,46,,,,,,,,,,,,,,,,,,,,,,
4/17/2021,7208,47,,,,,,,,,,,,,,,,,,,,,,
4/18/2021,4816,51.5,,,,,,,,,,,,,,,,,,,,,,
4/19/2021,7234,47.5,,,,,,,,,,,,,,,,,,,,,,
4/20/2021,6951,37.5,1,,,,,,,,,,,,,,,,,,,,,
4/21/2021,7321,42.5,1,,,,,,,,,,,,,,,,,,,,,
4/22/2021,8071,45.5,,,,,,,,,,,,,,,,,,,,,,
4/23/2021,8969,53.5,,,,,,,,,,,,,,,,,,,,,,
4/24/2021,6790,54,,,,,,,,,,,,,,,,,,,,,,
4/25/2021,5162,44,,,,,,,,,,,,,,,,,,,,,,
4/26/2021,7514,59.5,,,,,,,,,,,,,,,,,,,,,,
4/27/2021,8016,72.5,,,,,,,,,,,,,,,,,,,,,,
4/28/2021,7292,51.5,1,,,,,,1,,,,,,,,,,,,,,,
4/29/2021,7879,55.5,1,,,,,,,,,,,,,,,,,,,,,
4/30/2021,8882,49.5,,,,,,,,,,,,,,,,,,,,,,
5/1/2021,7689,63,,,,,,,,,,,,,,,,,,,,,,
5/2/2021,5703,73,,,,,,,,,,,,,,,,,,,,,,
5/3/2021,7669,63.5,1,,,,,,,,,,,,,,,,,,,,,
5/4/2021,7816,52.5,1,,,,,,,,,,,,,,,,,,,,,
5/5/2021,8269,50.5,,,,,,,,,,,,,,,,,,,,,,
5/6/2021,8178,50,,,,,,,,,,,,,,,,,,,,,,
5/7/2021,9188,51,,,,,,,,,,,,,,,,,,,,,,
5/8/2021,7544,44.5,1,,,,,,,,,,,,,,,,,,,,,
5/9/2021,4616,48,1,,,,,,,,,,,,,,,,,,,,,
5/10/2021,7770,45,,,,,,,,,,,,,,,,,,,,,,
5/11/2021,8028,45,,,,,,,,,,,,,,,,,,,,,,
5/12/2021,8263,49,,,,,,,,,,,,,,,,,,,,,,
5/13/2021,8958,55.5,,,,,,,,,,,,,,,,,,,,,,
5/14/2021,9753,59,,,,,,,,,,,,,,,,,,,,,,
5/15/2021,7472,57.5,,,,,,,,,,,,,,,,,,,,,,
5/16/2021,6601,63,,,,,,,,,,,,,,,,,,,,,,
5/17/2021,8171,63.5,,,,,,,,,,,,,,,,,,,,,,
5/18/2021,7974,67,,,,,,,,,,,,,,,,,,,,,,
5/19/2021,8176,69,1,,,,,,,,,,,,,,,,,,,,,
5/20/2021,9161,75.5,,,,,,,,,,,,,,,,,,,,,,
5/21/2021,9957,76.5,,,,,,,,,,,,,,,,,,,,,,
5/22/2021,9187,76.5,,,,,,,,,,,,,,,,,,,,,,
5/23/2021,5756,70.5,,,,,,,,,,,,,,,,,,,,,,
5/24/2021,8655,74,1,,,,,,,,,,,,,,,,,,,,,
5/25/2021,8732,80,,,,,,,,,,,,,,,,,,,,,,
5/26/2021,8797,70.5,1,,,,,,,,,,,,,,,,,,,,,
5/27/2021,8941,57,1,,,,,,,,,,,,,,,,,,,,,
5/28/2021,9651,48,1,,1,,,,,,,,,,,,,,,,,,,
5/29/2021,9852,53.5,,,,,,,,,,,,,,,,,,,,,,
5/30/2021,8483,55,,,,,,,,,,,,,,,,,,,,,,
5/31/2021,6641,63,,,,,,,,,,,,,,,,,,,,,,
6/1/2021,9185,63.5,,,,,,,,,,,,,,,,,,,,,,
6/2/2021,9258,67,,,,,,,,,,,,,,,,,,,,,,
6/3/2021,10077,71.5,,,,,,,,,,,,,,,,,,,,,,
6/4/2021,10912,80.5,,,,,,,,,,,,,,,,,,,,,,
6/5/2021,9061,80.5,,,,,,,,,,,,,,,,,,,,,,
6/6/2021,6916,79.5,,,,,,,,,,,,,,,,,,,,,,
6/7/2021,9017,76,,,,,,,,,,,,,,,,,,,,,,
6/8/2021,9807,80.5,,,,,,,,,,,,,,,,,,,,,,
6/9/2021,10073,79.5,,,,,,,,,,,,,,,,,,,,,,
6/10/2021,11008,79,,,,,,,,,,,,,,,,,,,,,,
6/11/2021,12184,81,,,1,,,,,,,,,,,,,,,,,,,
6/12/2021,9713,81,1,,1,,,,,,,,,,,,,,,,,,,
6/13/2021,7982,77.5,,,,,,,,,,,,,,,,,,,,,,
6/14/2021,10156,74.5,,,,,,,,,,,,,,,,,,,,,,
6/15/2021,10347,70.5,,,,,,,,,,,,,,,,,,,,,,
6/16/2021,10487,69.5,,,,,,,,,,,,,,,,,,,,,,
6/17/2021,10770,73.5,,,1,,,,,,,,,,,,,,,,,,,
6/18/2021,11839,79.5,1,,1,,,,,,,,,,,,,,,,,,,
6/19/2021,10937,79.5,,,,,,,,,,,,,,,,,,,,,,
6/20/2021,6856,75.5,1,,1,,,,,,,,,,,,,,,,,,,
6/21/2021,10255,67,,,,,,,,,,,,,,,,,,,,,,
6/22/2021,10934,65,,,,,,,,,,,,,,,,,,,,,,
6/23/2021,10784,72.5,,,,,,,,,,,,,,,,,,,,,,
6/24/2021,10458,72.5,1,,1,,,,,,,,,,,,,,,,,,,
6/25/2021,11425,73.5,1,,1,,,,,,,,,,,,,,,,,,,
6/26/2021,9550,76.5,1,,1,,,,,,,,,,,,,,,,,,,
6/27/2021,8133,76,,,,,,,,,,,,,,,,,,,,,,
6/28/2021,9609,75.5,1,,1,,,,,,,,,,,,,,,,,,,
6/29/2021,10096,79.5,1,,1,,,,,,,,,,,,,,,,,,,
6/30/2021,10478,76.5,1,,1,,,,,,,,,,,,,,,,,,,
7/1/2021,11590,70,1,,,,,,,,,,,,,,,,,,,,,
7/2/2021,11467,67.5,,,,,,,,,,,,,,,,,,,,,,
7/3/2021,11942,72,,,,,,,,,,,,,,,,,,,,,,
7/4/2021,8675,79.5,,,,,,,1,,,,,,,,,,,,,,,
7/5/2021,8361,82,,,,,,,,,,,,,,,,,,,,,,
7/6/2021,11342,84.5,,,,,,,,,,,,,,,,,,,,,,
7/7/2021,11844,80,,,,,,,,,,,,,,,,,,,,,,
7/8/2021,12111,65,1,,,,,,1,,,,,,,,,,,,,,,
7/9/2021,13512,67,,,,,,,,,,,,,,,,,,,,,,
7/10/2021,10897,70.5,,,,,,,,,,,,,,,,,,,,,,
7/11/2021,7676,68.5,1,,,,,,,,,,,,,,,,,,,,,
7/12/2021,10908,71,1,,,,,,,,,,,,,,,,,,,,,
7/13/2021,11188,75.5,1,,,,,,1,,,,,,,,,,,,,,,
7/14/2021,11563,77.5,,,,,,,,,,,,,,,,,,,,,,
7/15/2021,11879,74.5,1,,,,,,,,,,,,,,,,,,,,,
7/16/2021,12983,71,1,,,,,,,,,,,,,,,,,,,,,
7/17/2021,11670,74,,,,,,,,,,,,,,,,,,,,,,
7/18/2021,8937,75.5,,,,,,,,,,,,,,,,,,,,,,
7/19/2021,11622,75.5,,,,,,,,,,,,,,,,,,,,,,
7/20/2021,12063,78,,,,,,,,,,,,,,,,,,,,,,
7/21/2021,12868,71.5,,,,,,,,,,,,,,,,,,,,,,
7/22/2021,12714,76,,,,,,,,,,,,,,,,,,,,,,
7/23/2021,13671,82.5,1,,,,,,1,,,,,,,,,,,,,,,
7/24/2021,11948,84,1,,1,,,,,,,,,,,,,,,,,,,
7/25/2021,9014,82,,,,,,,,,,,,,,,,,,,,,,
7/26/2021,12198,81,,,,,,,,,,,,,,,,,,,,,,
7/27/2021,12893,80,,,,,,,,,,,,,,,,,,,,,,
7/28/2021,13911,82,1,,1,,,,,,,,,,,,,,,,,,,
7/29/2021,30005,80.5,1,,1,,,,,,,,,,,,,,,,,,,
7/30/2021,29381,71.5,,,,,,,,,,,,,,,,,,,,,,
7/31/2021,29261,72,,,,,,,,,,,,,,,,,,,,,,
8/1/2021,23468,70.5,,,,,,,,,,,,,,,,,,,,,,
8/2/2021,12464,69.5,,,,,,,,,,,,,,,,,,,,,,
8/3/2021,12502,72.5,,,,,,,,,,,,,,,,,,,,,,
8/4/2021,12722,74,,,,,,,,,,,,,,,,,,,,,,
8/5/2021,13102,76,,,,,,,,,,,,,,,,,,,,,,
8/6/2021,14848,75.5,1,,1,,,,,,,,,,,,,,,,,,,
8/7/2021,14436,78.5,,,,,,,,,,,,,,,,,,,,,,
8/8/2021,8599,82,,,1,,,,,,,,,,,,,,,,,,,
8/9/2021,10904,77,1,,1,,,,1,,,,,,,,,,,,,,,
8/10/2021,11804,82.5,1,,1,,,,1,,,,,,,,,,,,,,,
8/11/2021,11449,80.5,1,,1,,,,1,,,,,,,,,,,,,,,
8/12/2021,12628,79,,,1,,,,,,,,,,,,,,,,,,,
8/13/2021,12598,76,,,,,,,,,,,,,,,,,,,,,,
8/14/2021,14589,73,,,,,,,,,,,,,,,,,,,,,,
8/15/2021,9795,71,,,,,,,,,,,,,,,,,,,,,,
8/16/2021,11196,72.5,,,,,,,,,,,,,,,,,,,,,,
8/17/2021,11473,75.5,,,,,,,,,,,,,,,,,,,,,,
8/18/2021,12008,80,,,1,,,,,,,,,,,,,,,,,,,
8/19/2021,12607,80.5,,,1,,,,,,,,,,,,,,,,,,,
8/20/2021,13489,81,1,,,,,,1,,,,,,,,,,,,,,,
8/21/2021,14839,82,1,,,,,,,,,,,,,,,,,,,,,
8/22/2021,9480,78,,,,,,,,,,,,,,,,,,,,,,
8/23/2021,12242,78,,,,,,,,,,,,,,,,,,,,,,
8/24/2021,11653,84.5,1,,1,,,,,,,,,,,,,,,,,,,
8/25/2021,12418,83,1,,1,,,,,,,,,,,,,,,,,,,
8/26/2021,12874,80.5,,,1,,,,,,,,,,,,,,,,,,,
8/27/2021,16761,82.5,,,,,,,,,,,,,,,,,,,,,,
8/28/2021,11516,84.5,,,,,,,,,,,,,,,,,,,,,,
8/29/2021,8730,83,,,1,,,,,,,,,,,,,,,,,,,
8/30/2021,13323,77,,,,,,,,,,,,,,,,,,,,,,
8/31/2021,13691,75,,,,,,,,,,,,,,,,,,,,,,
9/1/2021,14707,72,,,,,,,,,,,,,,,,,,,,,,
9/2/2021,14854,71,,,,,,,,,,,,,,,,,,,,,,
9/3/2021,16123,70.5,,,,,,,,,,,,,,,,,,,,,,
9/4/2021,12871,69.5,1,,,,,,,,,,,,,,,,,,,,,
9/5/2021,13099,72,,,,,,,,,,,,,,,,,,,,,,
9/6/2021,10182,72,,,,,,,,,,,,,,,,,,,,,,
9/7/2021,15010,77.5,1,,1,,,,,,,,,,,,,,,,,,,
9/8/2021,18574,70,,,,,,,,,,,,,,,,,,,,,,
9/9/2021,18122,66.5,,,,,,,,,,,,,,,,,,,,,,
9/10/2021,16529,70.5,,,,,,,,,,,,,,,,,,,,,,
9/11/2021,15033,77,,,,,,,,,,,,,,,,,,,,,,
9/12/2021,9978,80.5,,,,,,,,,,,,,,,,,,,,,,
9/13/2021,17298,80.5,,,,,,,,,,,,,,,,,,,,,,
9/14/2021,18191,77.5,,,,,,,,,,,,,,,,,,,,,,
9/15/2021,18877,70,,,,,,,1,,,,,,,,,,,,,,,
9/16/2021,20412,71,,,,,,,,,,,,,,,,,,,,,,
9/17/2021,18815,77,1,,1,,,,,,,,,,,,,,,,,,,
9/18/2021,15010,74,,,,,,,,,,,,,,,,,,,,,,
9/19/2021,14185,78.5,,,,,,,,,,,,,,,,,,,,,,
9/20/2021,17944,77.5,1,,,,,,,,,,,,,,,,,,,,,
9/21/2021,18194,68.5,1,,1,,,,,,,,,,,,,,,,,,,
9/22/2021,18662,59.5,1,,,,,,,,,,,,,,,,,,,,,
9/23/2021,18181,61,,,,,,,,,,,,,,,,,,,,,,
9/24/2021,17484,66,1,,,,,,,,,,,,,,,,,,,,,
9/25/2021,20197,60.5,,,,,,,,,,,,,,,,,,,,,,
9/26/2021,9890,70,,,,,,,,,,,,,,,,,,,,,,
9/27/2021,17507,76.5,,,,,,,1,,,,,,,,,,,,,,,
9/28/2021,17717,68,,,,,,,,,,,,,,,,,,,,,,
9/29/2021,18191,70.5,,,,,,,,,,,,,,,,,,,,,,
9/30/2021,17612,70.5,,,,,,,,,,,,,,,,,,,,,,
10/1/2021,16691,74,,,,,,,,,,,,,,,,,,,,,,
10/2/2021,12748,75.5,,,1,,,,,,,,,,,,,,,,,,,
10/3/2021,12515,73,1,,1,,,,1,,,,,,,,,,,,,,,
10/4/2021,17378,69,1,,,,,,1,,,,,,,,,,,,,,,
10/5/2021,17881,67.5,,,,,,,,,,,,,,,,,,,,,,
10/6/2021,17698,67,1,,,,,,,,,,,,,,,,,,,,,
10/7/2021,17776,71,1,,,,,,1,,,,,,,,,,,,,,,
10/8/2021,17498,69.5,1,,,,,,,,,,,,,,,,,,,,,
10/9/2021,16083,73,,,,,,,,,,,,,,,,,,,,,,
10/10/2021,29807,78,,,,,,,,,,,,,,,,,,,,,,
10/11/2021,16731,71.5,1,,1,,,,,,,,,,,,,,,,,,,
10/12/2021,18988,61,1,,,,,,,,,,,,,,,,,,,,,
10/13/2021,18287,63.5,1,,1,,,,,,,,,,,,,,,,,,,
10/14/2021,18568,65.5,1,,,,,,,,,,,,,,,,,,,,,
10/15/2021,17128,58,,,,,,,,,,,,,,,,,,,,,,
10/16/2021,13779,52,,,,,,,,,,,,,,,,,,,,,,
10/17/2021,13002,54.5,,,,,,,,,,,,,,,,,,,,,,
10/18/2021,17885,58.5,,,,,,,,,,,,,,,,,,,,,,
10/19/2021,17980,62.5,,,,,,,,,,,,,,,,,,,,,,
10/20/2021,17977,63,,,,,,,,,,,,,,,,,,,,,,
10/21/2021,17837,56.5,,,,,,,,,,,,,,,,,,,,,,
10/22/2021,16180,50.5,,,,,,,,,,,,,,,,,,,,,,
10/23/2021,12786,48,,,,,,,,,,,,,,,,,,,,,,
10/24/2021,7109,46.5,1,,1,,,,,,,,,,,,,,,,,,,
10/25/2021,15701,51.5,1,,1,,,,,,,,,,,,,,,,,,,
10/26/2021,17604,48.5,,,,,,,,,,,,,,,,,,,,,,
10/27/2021,18118,48,,,,,,,,,,,,,,,,,,,,,,
10/28/2021,17831,52,1,,,,,,,,,,,,,,,,,,,,,
10/29/2021,15675,54.5,1,,,,,,,,,,,,,,,,,,,,,
10/30/2021,12696,51.5,1,,,,,,,,,,,,,,,,,,,,,
10/31/2021,11930,46,,,,,,,,,,,,,,,,,,,,,,
11/1/2021,17028,41.5,,,,,,,,,,,,,,,,,,,,,,
11/2/2021,17393,40,,,,,,,,,,,,,,,,,,,,,,
11/3/2021,17891,38,,,,,,,,,,,,,,,,,,,,,,
11/4/2021,17623,39,,,,,,,,,,,,,,,,,,,,,,
11/5/2021,15197,43,,,,,,,,,,,,,,,,,,,,,,
11/6/2021,11793,47.5,,,,,,,,,,,,,,,,,,,,,,
11/7/2021,10666,53.5,,,,,,,,,,,,,,,,,,,,,,
11/8/2021,16882,57,,,,,,,,,,,,,,,,,,,,,,
11/9/2021,17231,50,,,,,,,1,,,,,,,,,,,,,,,
11/10/2021,17761,49,,,,,,,,,,,,,,,,,,,,,,
11/11/2021,15316,48,1,,,,,,,,,,,,,,,,,,,,,
11/12/2021,14661,38.5,1,,,,,,1,,,,,,,,,,,,,,,
11/13/2021,11264,37.5,1,,,,,,1,,,,,,,,,,,,,,,
11/14/2021,7106,36,1,,,,,,1,,,,,,,,,,,,,,,
11/15/2021,16034,33,,,,,,,,,,,,,,,,,,,,,,
11/16/2021,16632,44.5,,,,,,,,,,,,,,,,,,,,,,
11/17/2021,15614,51.5,1,,,,,,1,,,,,,,,,,,,,,,
11/18/2021,15158,37,,,,,,,,,,,,,,,,,,,,,,
11/19/2021,15522,33,,,,,,,,,,,,,,,,,,,,,,
11/20/2021,12317,43,,,,,,,,,,,,,,,,,,,,,,
11/21/2021,11491,42.5,,,,,,,,,,,,,,,,,,,,,,
11/22/2021,14273,30.5,,,,,,,,,,,,,,,,,,,,,,
11/23/2021,14166,34,,,,,,,,,,,,,,,,,,,,,,
11/24/2021,11081,45,,,,,,,,,,,,,,,,,,,,,,
11/25/2021,5052,36.5,,,,,,,,,,,,,,,,,,,,,,
11/26/2021,8940,25,,,,,,,,,,,,,,,,,,,,,,
11/27/2021,8442,35.5,,,,,,,,,,,,,,,,,,,,,,
11/28/2021,6373,33.5,,,,,,,,,,,,,,,,,,,,,,
11/29/2021,12960,33.5,,,,,,,,,,,,,,,,,,,,,,
11/30/2021,13775,43,,,,,,,,,,,,,,,,,,,,,,
12/1/2021,14474,41.5,,,,,,,,,,,,,,,,,,,,,,
12/2/2021,14750,51.5,,,,,,,,,,,,,,,,,,,,,,
12/3/2021,14158,45,,,,,,,,,,,,,,,,,,,,,,
12/4/2021,10890,38.5,1,,,,,,1,,,,,,,,,,,,,,,
12/5/2021,9773,39,1,,,,,,,,,,,,,,,,,,,,,
12/6/2021,13416,26.5,,,,,,,,,,,,,,,,,,,,,,
12/7/2021,13231,19,,,,,,,,,,,,,,,,,,,,,,
12/8/2021,14047,30,,,,,,,,,,,,,,,,,,,,,,
12/9/2021,14509,37.5,,,,,,,,,,,,,,,,,,,,,,
12/10/2021,13907,47,1,,,,,,,,,,,,,,,,,,,,,
12/11/2021,10247,44.5,,,,,,,,,,,,,,,,,,,,,,
12/12/2021,7461,40,,,,,,,,,,,,,,,,,,,,,,
12/13/2021,12928,43,,,,,,,,,,,,,,,,,,,,,,
12/14/2021,13484,44,1,,,,,,,,,,,,,,,,,,,,,
12/15/2021,13908,59,1,,,,,,,,,,,,,,,,,,,,,
12/16/2021,14139,51,1,,,,,,1,,,,,,,,,,,,,,,
12/17/2021,13368,35,,,,,,,,,,,,,,,,,,,,,,
12/18/2021,9216,37.5,1,,,,,,1,,,,,,,,,,,,,,,
12/19/2021,6686,36,,,,,,,,,,,,,,,,,,,,,,
12/20/2021,12980,38,,,,,,,,,,,,,,,,,,,,,,
12/21/2021,9801,35.5,,,,,,,,,,,,,,,,,,,,,,
12/22/2021,9151,26,,,,,,,,,,,,,,,,,,,,,,
12/23/2021,8044,37.5,,,,,,,,,,,,,,,,,,,,,,
12/24/2021,5239,47.5,1,,,,,,1,,,,,,,,,,,,,,,
12/25/2021,2870,47,1,,,,,,,,,,,,,,,,,,,,,
12/26/2021,4787,37,1,,1,,,,,,,,,,,,,,,,,,,
12/27/2021,7908,41,1,1,1,,,,,,,,,,,,,,,,,,,
12/28/2021,8143,36,1,1,,,,,1,,,,,,,,,,,,,,,
12/29/2021,8912,35.5,1,,,,,,1,,,,,,,,,,,,,,,
12/30/2021,8926,36,1,,,,,,1,,,,,,,,,,,,,,,
12/31/2021,7445,40,1,,,,,,1,,,,,,,,,,,,,,,
1/1/2022,5413,36,1,,,,,,,,,,,,,,,,,,,,,
1/2/2022,7356,24,1,,,,,,,,,,,,,,,,,,,,,
1/3/2022,8563,17,,,,,,,,,,,,,,,,,,,,,,
1/4/2022,8953,30,,,,,,,,,,,,,,,,,,,,,,
1/5/2022,7966,24,1,,,,,,1,1,,,,,,,,,,,,,,
1/6/2022,7892,11,1,,,,,,,,,,,,,,,,,,,,,
1/7/2022,7794,8,,,,,,,,,,,,,,,,,,,,,,
1/8/2022,6232,25.5,1,,,,,1,,,,,,,,,,,,,,,,
1/9/2022,4695,24.5,1,,,,,,,,,,,,,,,,,,,,,
1/10/2022,7839,14,,,,,,,,,,,,,,,,,,,,,,
1/11/2022,8252,22,,,,,,,,,,,,,,,,,,,,,,
1/12/2022,9619,36,,,,,,,,,,,,,,,,,,,,,,
1/13/2022,9840,35,1,,,,,,,,,,,,,,,,,,,,,
1/14/2022,10048,33,1,,,,,,1,,,,,,,,,,,,,,,
1/15/2022,7763,24.5,1,,,,,,,,,,,,,,,,,,,,,
1/16/2022,5749,22,1,,,,,,,,,,,,,,,,,,,,,
1/17/2022,7420,27.5,,,,,,,,,,,,,,,,,,,,,,
1/18/2022,13283,33.5,,,,,,,,,,,,,,,,,,,,,,
1/19/2022,12843,28,,,,,,,,,,,,,,,,,,,,,,
1/20/2022,12578,15.5,,,,,,,,,,,,,,,,,,,,,,
1/21/2022,10907,18.5,,,,,,,,,,,,,,,,,,,,,,
1/22/2022,7419,28,1,,,,,,,,,,,,,,,,,,,,,
1/23/2022,5413,17.5,1,,,,,,,,,,,,,,,,,,,,,
1/24/2022,13247,21,1,,,,,,,,,,,,,,,,,,,,,
1/25/2022,13501,8.5,,,,,,,,,,,,,,,,,,,,,,
1/26/2022,12653,5,,,,,,,,,,,,,,,,,,,,,,
1/27/2022,14167,23.5,1,,,,,,,,,,,,,,,,,,,,,
1/28/2022,10804,20.5,1,,,,,,,,,,,,,,,,,,,,,
1/29/2022,7873,16,,,,,,,,,,,,,,,,,,,,,,
1/30/2022,5473,23.5,,,,,,,,,,,,,,,,,,,,,,
1/31/2022,13975,31.5,,,,,,,1,,,,,,,,,,,,,,,
2/1/2022,15020,41,1,,,,,,,,,,,,,,,,,,,,,
2/2/2022,8996,26,1,,,,,,,,,,,,,,,,,,,,,
2/3/2022,12612,23,,,,,,,,,,,,,,,,,,,,,,
2/4/2022,12950,19,1,,,,,,,,,,,,,,,,,,,,,
2/5/2022,8422,12.5,,,,,,,,,,,,,,,,,,,,,,
2/6/2022,5998,25.5,,,,,,,,,,,,,,,,,,,,,,
2/7/2022,14321,25,1,,,,,1,,,,,,,,,,,,,,,,
2/8/2022,15363,29.5,,,,,,,,,,,,,,,,,,,,,,
2/9/2022,15249,38,,,,,,,,,,,,,,,,,,,,,,
2/10/2022,15496,32,,,,,,,,,,,,,,,,,,,,,,
2/11/2022,12908,37.5,1,,,,,,,,,,,,,,,,,,,,,
2/12/2022,9000,23,,,,,,,,,,,,,,,,,,,,,,
2/13/2022,6647,17.5,,,,,,,1,,,,,,,,,,,,,,,
2/14/2022,14649,21,,,,,,,,,,,,,,,,,,,,,,
2/15/2022,15457,34.5,,,,,,,,,,,,,,,,,,,,,,
2/16/2022,15168,48.5,1,,,,,,,,,,,,,,,,,,,,,
2/17/2022,13877,30,1,1,,,,,1,,,,,,,,,,,,,,,
2/18/2022,13131,20,1,,,,,,1,,,,,,,,,,,,,,,
2/19/2022,9423,20,,,,,,,,,,,,,,,,,,,,,,
2/20/2022,7340,33.5,,,,,,,,,,,,,,,,,,,,,,
2/21/2022,12472,43.5,1,,,,,,1,,,,,,,,,,,,,,,
2/22/2022,15117,39.5,1,,1,,,,1,,,,,,,,,,,,,,,
2/23/2022,15570,22,1,,,,,,,,,,,,,,,,,,,,,
2/24/2022,15590,26.5,1,,,,,,,,,,,,,,,,,,,,,
2/25/2022,13375,25.5,1,,,,,,,,,,,,,,,,,,,,,
2/26/2022,9279,24,,,,,,,,,,,,,,,,,,,,,,
2/27/2022,6664,37.5,,,,,,,,,,,,,,,,,,,,,,
2/28/2022,14661,42,,,,,,,,,,,,,,,,,,,,,,
3/1/2022,15995,44,,,,,,,,,,,,,,,,,,,,,,
3/2/2022,16080,47,,,,,,,,,,,,,,,,,,,,,,
3/3/2022,15895,34,,,,,,,,,,,,,,,,,,,,,,
3/4/2022,14323,36.5,,,,,,,,,,,,,,,,,,,,,,
3/5/2022,12224,56.5,1,,1,,,,,,,,,,,,,,,,,,,
3/6/2022,6961,49,1,,1,1,,,,,,,,,,,,,,,,,,
3/7/2022,13637,35,1,,,1,,,1,,,,,,,,,,,,,,,
3/8/2022,15768,35,,,,,,,,,,,,,,,,,,,,,,
3/9/2022,15864,37,,,,,,,,,,,,,,,,,,,,,,
3/10/2022,16067,29.5,1,,,,,,,,,,,,,,,,,,,,,
3/11/2022,14032,25.5,1,,,,,,,,,,,,,,,,,,,,,
3/12/2022,13663,18.5,,,,,,,,,,,,,,,,,,,,,,
3/13/2022,8125,37.5,,,,,,,,,,,,,,,,,,,,,,
3/14/2022,15001,52.5,,,,,,,,,,,,,,,,,,,,,,
3/15/2022,16036,45,,,,,,,,,,,,,,,,,,,,,,
3/16/2022,16257,55,,,,,,,,,,,,,,,,,,,,,,
3/17/2022,16344,61.5,,,,,,,,,,,,,,,,,,,,,,
3/18/2022,14571,46,1,,1,,,,,,,,,,,,,,,,,,,
3/19/2022,11639,41.5,1,,,,,,,,,,,,,,,,,,,,,
3/20/2022,12076,49.5,,,,,,,,,,,,,,,,,,,,,,
3/21/2022,13658,60.5,,,,,,,,,,,,,,,,,,,,,,
3/22/2022,13486,56,1,,,,,,,,,,,,,,,,,,,,,
3/23/2022,13478,53,1,,1,,,,,,,,,,,,,,,,,,,
3/24/2022,13703,43.5,1,,,,,,,,,,,,,,,,,,,,,
3/25/2022,13729,43,1,,,1,,,1,,,,,,,,,,,,,,,
3/26/2022,9323,32.5,,,,,,,,,,,,,,,,,,,,,,
3/27/2022,6829,31.5,,,,,,,,,,,,,,,,,,,,,,
3/28/2022,15000,30,,,,,,,,,,,,,,,,,,,,,,
3/29/2022,15610,38,,,,,,,,,,,,,,,,,,,,,,
3/30/2022,15517,55,1,,,,,,,,,,,,,,,,,,,,,
3/31/2022,15682,42,1,,,,,,,,,,,,,,,,,,,,,
4/1/2022,14737,40,1,,,,,,,,,,,,,,,,,,,,,
4/2/2022,10059,40,1,,,,,,,,,,,,,,,,,,,,,
4/3/2022,7242,41,1,,,,,,,,,,,,,,,,,,,,,
4/4/2022,15589,49,1,,,,,,,,,,,,,,,,,,,,,
4/5/2022,17146,47,1,,,,,,1,,,,,,,,,,,,,,,
4/6/2022,16940,52,1,,,,,,,,,,,,,,,,,,,,,
4/7/2022,17613,43.5,1,,,,,,,,,,,,,,,,,,,,,
4/8/2022,14606,38.5,1,,,1,,,,,,,,,,,,,,,,,,
4/9/2022,11134,42,1,,,,,,,,,,,,,,,,,,,,,
4/10/2022,8592,50,,,,,,,,,,,,,,,,,,,,,,
4/11/2022,15053,55.5,,,,,,,,,,,,,,,,,,,,,,
4/12/2022,17193,57.5,1,,,,,,,,,,,,,,,,,,,,,
4/13/2022,15625,57,1,,1,,,,,,,,,,,,,,,,,,,
4/14/2022,16820,46,,,,,,,,,,,,,,,,,,,,,,
4/15/2022,13905,49,,,,1,,,,,,,,,,,,,,,,,,
4/16/2022,11923,43,,,,,,,,,,,,,,,,,,,,,,
4/17/2022,6743,38.5,,,,,,,,,,,,,,,,,,,,,,
4/18/2022,15307,38.5,1,,,,,,,,,,,,,,,,,,,,,
4/19/2022,16866,44.5,,,,,,,,,,,,,,,,,,,,,,
4/20/2022,16761,49.5,1,,,,,,,,,,,,,,,,,,,,,
4/21/2022,17014,61,1,,,,,,,,,,,,,,,,,,,,,
4/22/2022,14625,55.5,1,,1,,,,,,,,,,,,,,,,,,,
4/23/2022,13529,71.5,,,,,,,,,,,,,,,,,,,,,,
4/24/2022,8042,66.5,,,,,,,,,,,,,,,,,,,,,,
4/25/2022,15701,50,,,,,,,,,,,,,,,,,,,,,,
4/26/2022,16496,46.5,,,,,,,,,,,,,,,,,,,,,,
4/27/2022,16532,40,,,,,,,,,,,,,,,,,,,,,,
4/28/2022,16591,46,,,,,,,,,,,,,,,,,,,,,,
4/29/2022,15278,60.5,,,,,,,,,,,,,,,,,,,,,,
4/30/2022,10929,62.5,1,,1,,,,,,,,,,,,,,,,,,,
5/1/2022,8308,55,,,,,,,,,,,,,,,,,,,,,,
5/2/2022,15411,51.5,,,,,,,,,,,,,,,,,,,,,,
5/3/2022,15965,48.5,1,,,,,,,,,,,,,,,,,,,,,
5/4/2022,17756,49.5,,,,,,,,,,,,,,,,,,,,,,
5/5/2022,16758,49.5,1,,,,,,,,,,,,,,,,,,,,,
5/6/2022,15096,52,1,,,,,,,,,,,,,,,,,,,,,
5/7/2022,13262,56.5,,,,,,,,,,,,,,,,,,,,,,
5/8/2022,7783,57.5,,,,,,,,,,,,,,,,,,,,,,
5/9/2022,15762,71,,,,,,,,,,,,,,,,,,,,,,
5/10/2022,17243,81,,,,,,,,,,,,,,,,,,,,,,
5/11/2022,17398,84,,,,,,,,,,,,,,,,,,,,,,
5/12/2022,17662,85.5,,,,,,,,,,,,,,,,,,,,,,
5/13/2022,16406,82,,,,,,,,,,,,,,,,,,,,,,
5/14/2022,13334,76.5,,,,,,,,,,,,,,,,,,,,,,
5/15/2022,8566,69,,,1,,,,,,,,,,,,,,,,,,,
5/16/2022,15242,68,,,,,,,,,,,,,,,,,,,,,,
5/17/2022,16260,60.5,,,,,,,,,,,,,,,,,,,,,,
5/18/2022,15810,59.5,1,,,,,,,,,,,,,,,,,,,,,
5/19/2022,16774,72,1,,,,,,,,,,,,,,,,,,,,,
5/20/2022,14538,75.5,1,,1,,,,,,,,,,,,,,,,,,,
5/21/2022,10060,60.5,1,,1,,,,,,,,,,,,,,,,,,,
5/22/2022,8596,59,,,,,,,,,,,,,,,,,,,,,,
5/23/2022,14884,55.5,,,,,,,,,,,,,,,,,,,,,,
5/24/2022,16358,60,,,,,,,,,,,,,,,,,,,,,,
5/25/2022,16140,70.5,1,,1,,,,1,,,,,,,,,,,,,,,
5/26/2022,16010,72,,,1,,,,,,,,,,,,,,,,,,,
5/27/2022,15260,58.5,1,,,,,,,,,,,,,,,,,,,,,
5/28/2022,19221,63.5,,,,,,,,,,,,,,,,,,,,,,
5/29/2022,17080,76,,,,,,,,,,,,,,,,,,,,,,
5/30/2022,10985,82.5,,,,,,,,,,,,,,,,,,,,,,
5/31/2022,16048,82.5,,,,,,,,,,,,,,,,,,,,,,
6/1/2022,18385,70,1,,1,,,,,,,,,,,,,,,,,,,
6/2/2022,17455,69.5,,,,,,,,,,,,,,,,,,,,,,
6/3/2022,17295,72.5,,,,,,,,,,,,,,,,,,,,,,
6/4/2022,14268,65.5,,,,,,,,,,,,,,,,,,,,,,
6/5/2022,13802,72,,,,,,,,,,,,,,,,,,,,,,
6/6/2022,13944,68,1,,1,,,,,,,,,,,,,,,,,,,
6/7/2022,16151,64,,,,,,,,,,,,,,,,,,,,,,
6/8/2022,15533,65,1,,1,,,,,,,,,,,,,,,,,,,
6/9/2022,17627,66.5,,,,,,,,,,,,,,,,,,,,,,
6/10/2022,15483,70.5,,,,,,,,,,,,,,,,,,,,,,
6/11/2022,13618,68,1,,,,,,,,,,,,,,,,,,,,,
6/12/2022,9700,67,,,,,,,1,,,,,,,,,,,,,,,
6/13/2022,13994,77.5,1,,1,,,,1,,,,,,,,,,,,,,,
6/14/2022,16000,87.5,,,,,,,,,,,,,,,,,,,,,,
6/15/2022,15839,91.5,,,1,,,,,,,,,,,,,,,,,,,
6/16/2022,16160,86,1,,1,,,,,,,,,,,,,,,,,,,
6/17/2022,16493,78.5,,,,,,,,,,,,,,,,,,,,,,
6/18/2022,15167,67.5,,,,,,,,,,,,,,,,,,,,,,
6/19/2022,10984,72.5,,,,,,,,,,,,,,,,,,,,,,
6/20/2022,12438,82,,,,,,,,,,,,,,,,,,,,,,
6/21/2022,15090,87,,,,,,,,,,,,,,,,,,,,,,
6/22/2022,15317,83,,,,,,,,,,,,,,,,,,,,,,
6/23/2022,15749,78.5,,,,,,,,,,,,,,,,,,,,,,
6/24/2022,18588,80,,,,,,,,,,,,,,,,,,,,,,
6/25/2022,14702,74.5,1,,1,,,,,,,,,,,,,,,,,,,
6/26/2022,13679,75.5,,,,,,,,,,,,,,,,,,,,,,
6/27/2022,14015,72,,,,,,,,,,,,,,,,,,,,,,
6/28/2022,16151,75,,,,,,,,,,,,,,,,,,,,,,
6/29/2022,16929,79.5,,,,,,,,,,,,,,,,,,,,,,
6/30/2022,17589,84,,,,,,,,,,,,,,,,,,,,,,
7/1/2022,15879,77,,,1,,,,,,,,,,,,,,,,,,,
7/2/2022,14165,75.5,1,,,,,,,,,,,,,,,,,,,,,
7/3/2022,11190,78.5,,,,,,,,,,,,,,,,,,,,,,
7/4/2022,8161,81,1,,1,,,,1,,,,,,,,,,,,,,,
7/5/2022,13214,82.5,1,,1,,,,,,,,,,,,,,,,,,,
7/6/2022,14486,77,1,,1,,,,,,,,,,,,,,,,,,,
7/7/2022,15629,79,,,,,,,,,,,,,,,,,,,,,,
7/8/2022,17315,76.5,,,,,,,,,,,,,,,,,,,,,,
7/9/2022,18462,74,,,,,,,,,,,,,,,,,,,,,,
7/10/2022,13058,75,,,,,,,,,,,,,,,,,,,,,,
7/11/2022,13281,79.5,,,,,,,,,,,,,,,,,,,,,,
7/12/2022,16592,79.5,,,,,,,,,,,,,,,,,,,,,,
7/13/2022,16716,77.5,,,,,,,,,,,,,,,,,,,,,,
7/14/2022,16617,73,,,,,,,,,,,,,,,,,,,,,,
7/15/2022,16177,72.5,1,,,,,,1,,,,,,,,,,,,,,,
7/16/2022,15118,74.5,1,,,,,,1,,,,,,,,,,,,,,,
7/17/2022,9869,74,1,,1,,,,1,,,,,,,,,,,,,,,
7/18/2022,13883,81,,,,,,,,,,,,,,,,,,,,,,
7/19/2022,15133,82,,,,,,,,,,,,,,,,,,,,,,
7/20/2022,15621,83.5,,,,,,,,,,,,,,,,,,,,,,
7/21/2022,16198,83,,,1,,,,,,,,,,,,,,,,,,,
7/22/2022,15292,81.5,,,1,,,,,,,,,,,,,,,,,,,
7/23/2022,12731,79.5,1,,1,,,,,,,,,,,,,,,,,,,
7/24/2022,11949,81,1,,1,,,,,,,,,,,,,,,,,,,
7/25/2022,15580,74,,,,,,,1,,,,,,,,,,,,,,,
7/26/2022,16734,75.5,,,,,,,,,,,,,,,,,,,,,,
7/27/2022,16127,79,1,,1,,,,,,,,,,,,,,,,,,,
7/28/2022,26565,76.5,,,,,,,,,,,,,,,,,,,,,,
7/29/2022,30260,73.5,,,,,,,,,,,,,,,,,,,,,,
7/30/2022,29914,75.5,,,,,,,,,,,,,,,,,,,,,,
7/31/2022,24268,77,,,,,,,,,,,,,,,,,,,,,,
8/1/2022,15012,82,,,,,,,,,,,,,,,,,,,,,,
8/2/2022,15605,81,,,,,,,,,,,,,,,,,,,,,,
8/3/2022,14825,85.5,1,,1,,,,,,,,,,,,,,,,,,,
8/4/2022,15718,80,,,,,,,,,,,,,,,,,,,,,,
8/5/2022,19121,80.5,,,1,,,,,,,,,,,,,,,,,,,
8/6/2022,14232,86,,,,,,,,,,,,,,,,,,,,,,
8/7/2022,9445,81,,,1,,,,,,,,,,,,,,,,,,,
8/8/2022,13440,76.5,1,,,,,,1,,,,,,,,,,,,,,,
8/9/2022,16029,71.5,,,,,,,,,,,,,,,,,,,,,,
8/10/2022,15722,74.5,,,,,,,,,,,,,,,,,,,,,,
8/11/2022,15495,74,,,,,,,,,,,,,,,,,,,,,,
8/12/2022,15459,72,,,,,,,,,,,,,,,,,,,,,,
8/13/2022,15154,74.5,,,,,,,,,,,,,,,,,,,,,,
8/14/2022,9263,75.5,,,,,,,,,,,,,,,,,,,,,,
8/15/2022,14353,75,,,,,,,,,,,,,,,,,,,,,,
8/16/2022,14923,75.5,,,,,,,,,,,,,,,,,,,,,,
8/17/2022,15003,74.5,,,,,,,,,,,,,,,,,,,,,,
8/18/2022,15344,74.5,,,,,,,,,,,,,,,,,,,,,,
8/19/2022,20074,78.5,,,,,,,,,,,,,,,,,,,,,,
8/20/2022,15795,73.5,1,,1,,,,1,,,,,,,,,,,,,,,
8/21/2022,11686,74.5,1,,,,,,1,,,,,,,,,,,,,,,
8/22/2022,15123,74.5,,,,,,,,,,,,,,,,,,,,,,
8/23/2022,17494,75.5,,,,,,,,,,,,,,,,,,,,,,
8/24/2022,17832,77,,,,,,,,,,,,,,,,,,,,,,
8/25/2022,17605,75.5,1,,1,,,,,,,,,,,,,,,,,,,
8/26/2022,17772,73.5,,,,,,,,,,,,,,,,,,,,,,
8/27/2022,13306,73,,,,,,,,,,,,,,,,,,,,,,
8/28/2022,9895,82,,,1,,,,,,,,,,,,,,,,,,,
8/29/2022,14992,79.5,1,,1,,,,,,,,,,,,,,,,,,,
8/30/2022,17942,74.5,,,,,,,,,,,,,,,,,,,,,,
8/31/2022,17844,75.5,,,,,,,,,,,,,,,,,,,,,,
9/1/2022,18194,79.5,,,,,,,,,,,,,,,,,,,,,,
9/2/2022,18099,79.5,,,,,,,,,,,,,,,,,,,,,,
9/3/2022,17224,81,,,,,,,,,,,,,,,,,,,,,,
9/4/2022,12786,72.5,,,,,,,,,,,,,,,,,,,,,,
9/5/2022,10012,71,,,,,,,,,,,,,,,,,,,,,,
9/6/2022,19248,75.5,,,,,,,,,,,,,,,,,,,,,,
9/7/2022,22858,75.5,,,,,,,,,,,,,,,,,,,,,,
9/8/2022,22053,74.5,,,,,,,,,,,,,,,,,,,,,,
9/9/2022,19235,76,,,,,,,,,,,,,,,,,,,,,,
9/10/2022,16202,76.5,,,,,,,,,,,,,,,,,,,,,,
9/11/2022,12932,67.5,1,,1,,,,,,,,,,,,,,,,,,,
9/12/2022,20387,62,1,,,,,,1,,,,,,,,,,,,,,,
9/13/2022,22188,71,,,,,,,,,,,,,,,,,,,,,,
9/14/2022,22605,70,,,,,,,,,,,,,,,,,,,,,,
9/15/2022,23016,73.5,1,,,,,,,,,,,,,,,,,,,,,
9/16/2022,22445,75.5,,,,,,,,,,,,,,,,,,,,,,
9/17/2022,17727,79.5,,,,,,,,,,,,,,,,,,,,,,
9/18/2022,12535,79.5,,,1,,,,,,,,,,,,,,,,,,,
9/19/2022,20725,73,,,1,,,,,,,,,,,,,,,,,,,
9/20/2022,21398,80,1,,1,,,,,,,,,,,,,,,,,,,
9/21/2022,21564,76.5,,,,,,,,,,,,,,,,,,,,,,
9/22/2022,21402,61.5,,,,,,,,,,,,,,,,,,,,,,
9/23/2022,17321,58.5,,,,,,,,,,,,,,,,,,,,,,
9/24/2022,12934,65,1,,,,,,,,,,,,,,,,,,,,,
9/25/2022,12690,63.5,1,,,,,,,,,,,,,,,,,,,,,
9/26/2022,19113,59,,,,,,,,,,,,,,,,,,,,,,
9/27/2022,21268,55.5,,,,,,,,,,,,,,,,,,,,,,
9/28/2022,22158,56,,,,,,,,,,,,,,,,,,,,,,
9/29/2022,21584,55,,,,,,,,,,,,,,,,,,,,,,
9/30/2022,18587,58,,,,,,,,,,,,,,,,,,,,,,
10/1/2022,13461,61,1,,,,,,1,,,,,,,,,,,,,,,
10/2/2022,9390,63.5,,,,,,,,,,,,,,,,,,,,,,
10/3/2022,19331,59.5,,,,,,,,,,,,,,,,,,,,,,
10/4/2022,20956,61.5,,,,,,,,,,,,,,,,,,,,,,
10/5/2022,20770,64.5,,,,,,,,,,,,,,,,,,,,,,
10/6/2022,22410,65.5,1,,1,,,,,,,,,,,,,,,,,,,
10/7/2022,20093,50,,,,,,,,,,,,,,,,,,,,,,
10/8/2022,17851,49,,,,,,,,,,,,,,,,,,,,,,
10/9/2022,33778,58.5,,,,,,,,,,,,,,,,,,,,,,
10/10/2022,19702,63,,,,,,,,,,,,,,,,,,,,,,
10/11/2022,22034,62.5,1,,,,,,1,,,,,,,,,,,,,,,
10/12/2022,21263,58,1,,,,,,,,,,,,,,,,,,,,,
10/13/2022,25151,50,,,,,,,,,,,,,,,,,,,,,,
10/14/2022,19036,51.5,1,,,,,,,,,,,,,,,,,,,,,
10/15/2022,14783,46,,,,,,,,,,,,,,,,,,,,,,
10/16/2022,9801,49.5,,,,,,,,,,,,,,,,,,,,,,
10/17/2022,18760,42,,,,,,,,,,,,,,,,,,,,,,
10/18/2022,20063,43.5,,,,,,,,,,,,,,,,,,,,,,
10/19/2022,20388,42.5,,,,,,,,,,,,,,,,,,,,,,
10/20/2022,20986,48.5,,,,,,,,,,,,,,,,,,,,,,
10/21/2022,17251,61.5,,,,,,,,,,,,,,,,,,,,,,
10/22/2022,12772,70,,,,,,,,,,,,,,,,,,,,,,
10/23/2022,9002,72.5,,,,,,,,,,,,,,,,,,,,,,
10/24/2022,18809,71.5,,,1,,,,,,,,,,,,,,,,,,,
10/25/2022,20433,60,1,,,,,,,,,,,,,,,,,,,,,
10/26/2022,21114,50,,,,,,,,,,,,,,,,,,,,,,
10/27/2022,21165,47.5,,,,,,,,,,,,,,,,,,,,,,
10/28/2022,17728,53.5,,,,,,,,,,,,,,,,,,,,,,
10/29/2022,12836,55,,,,,,,1,,,,,,,,,,,,,,,
10/30/2022,8509,58,1,,,,,,,,,,,,,,,,,,,,,
10/31/2022,17904,56.5,1,1,,,,,1,,,,,,,,,,,,,,,
11/1/2022,20179,58,1,,,,,,1,,,,,,,,,,,,,,,
11/2/2022,20054,61.5,,,,,,,,,,,,,,,,,,,,,,
11/3/2022,20759,65,,,,,,,,,,,,,,,,,,,,,,
11/4/2022,16918,69,1,,1,,,,,,,,,,,,,,,,,,,
11/5/2022,13847,59,1,,,,,,1,,,,,,,,,,,,,,,
11/6/2022,12821,55.5,,,,,,,,,,,,,,,,,,,,,,
11/7/2022,19225,50,,,,,,,,,,,,,,,,,,,,,,
11/8/2022,18951,49,,,,,,,,,,,,,,,,,,,,,,
11/9/2022,20622,59,,,,,,,,,,,,,,,,,,,,,,
11/10/2022,21094,67.5,,,,,,,,,,,,,,,,,,,,,,
11/11/2022,16549,46.5,,,,,,,,,,,,,,,,,,,,,,
11/12/2022,12158,35,,,,,,,,,,,,,,,,,,,,,,
11/13/2022,12585,33,,,,,,,,,,,,,,,,,,,,,,
11/14/2022,17797,34.5,,,,,,,,,,,,,,,,,,,,,,
11/15/2022,19297,34.5,1,,,,,,,,,,,,,,,,,,,,,
11/16/2022,18670,33,1,,,,,,,,,,,,,,,,,,,,,
11/17/2022,18531,31.5,1,,,,,,,,,,,,,,,,,,,,,
11/18/2022,16995,25.5,1,,,,,,1,,,,,,,,,,,,,,,
11/19/2022,11265,21.5,1,,,,,,,,,,,,,,,,,,,,,
11/20/2022,7923,23,,,,,,,,,,,,,,,,,,,,,,
11/21/2022,14785,38,,,,,,,,,,,,,,,,,,,,,,
11/22/2022,14895,40,,,,,,,,,,,,,,,,,,,,,,
11/23/2022,12147,46,,,,,,,,,,,,,,,,,,,,,,
11/24/2022,5570,45.5,,,,,,,,,,,,,,,,,,,,,,
11/25/2022,9887,42.5,,,,,,,,,,,,,,,,,,,,,,
11/26/2022,9410,44.5,,,,,,,,,,,,,,,,,,,,,,
11/27/2022,6296,40.5,1,,,,,,,,,,,,,,,,,,,,,
11/28/2022,14568,38.5,,,,,,,,,,,,,,,,,,,,,,
11/29/2022,16262,47,1,,,,,,,,,,,,,,,,,,,,,
11/30/2022,16035,27.5,,,,,,,,,,,,,,,,,,,,,,
12/1/2022,16544,27.5,,,,,,,,,,,,,,,,,,,,,,
12/2/2022,15071,44,,,,,,,,,,,,,,,,,,,,,,
12/3/2022,10966,36.5,,,,,,,,,,,,,,,,,,,,,,
12/4/2022,11381,29,,,,,,,,,,,,,,,,,,,,,,
12/5/2022,14968,36,1,,,,,,,,,,,,,,,,,,,,,
12/6/2022,16224,40,1,,,,,,,,,,,,,,,,,,,,,
12/7/2022,16779,40.5,1,,,,,,1,,,,,,,,,,,,,,,
12/8/2022,16633,38.5,,,,,,,,,,,,,,,,,,,,,,
12/9/2022,14783,36.5,1,,,,,,,,,,,,,,,,,,,,,
12/10/2022,11280,38,1,,,,,,1,,,,,,,,,,,,,,,
12/11/2022,8483,38.5,1,,,,,,,,,,,,,,,,,,,,,
12/12/2022,15883,39.5,,,,,,,,,,,,,,,,,,,,,,
12/13/2022,17527,36,,,,,,,,,,,,,,,,,,,,,,
12/14/2022,16863,40.5,1,,,,,,,,,,,,,,,,,,,,,
12/15/2022,18002,34.5,1,,,,,,,,,,,,,,,,,,,,,
12/16/2022,15641,28.5,1,,,,,,,,,,,,,,,,,,,,,
12/17/2022,10233,23,1,,,,,,,,,,,,,,,,,,,,,
12/18/2022,11050,17.5,,,,,,,,,,,,,,,,,,,,,,
12/19/2022,12828,18,,,,,,,,,,,,,,,,,,,,,,
12/20/2022,13835,27.5,,,,,,,,,,,,,,,,,,,,,,
12/21/2022,13471,24.5,,,,,,,1,,,,,,,,,,,,,,,
12/22/2022,9948,14,1,,,,,,1,1,,,,,,,,,,,,,,
12/23/2022,4789,-5,,,,,,,,1,,,,,,,,,,,,,,
12/24/2022,5586,6,,,,,,,,1,,,,,,,,,,,,,,
12/25/2022,2416,8,,,,,,,,,,,,,,,,,,,,,,
12/26/2022,5412,17,1,,,,,,,,,,,,,,,,,,,,,
12/27/2022,9338,17,,,,,,,,,,,,,,,,,,,,,,
12/28/2022,9807,35,,,,,,,,,,,,,,,,,,,,,,
12/29/2022,10556,50.5,1,,,,,,,,,,,,,,,,,,,,,
12/30/2022,11398,44,1,,,,,,,,,,,,,,,,,,,,,
12/31/2022,8203,33,,,,,,,,,,,,,,,,,,,,,,
1/1/2023,6180,41,1,,,,,,1,,,,,,,,,,,,,,,
1/2/2023,9782,38,1,1,,,,,,,,,,,,,,,,,,,,
1/3/2023,14471,44.5,1,1,1,,,,1,,,,,,,,,,,,,,,
1/4/2023,15231,39,1,,,,,,1,,,,,,,,,,,,,,,
1/5/2023,14959,32.5,1,,,,,,,,,,,,,,,,,,,,,
1/6/2023,11835,29,1,,,,,,,,,,,,,,,,,,,,,
1/7/2023,8713,30.5,,,,,,,,,,,,,,,,,,,,,,
1/8/2023,9248,30.5,1,,,,,,,,,,,,,,,,,,,,,
1/9/2023,15784,34.5,1,,,,,,,,,,,,,,,,,,,,,
1/10/2023,17553,42.5,,,,,,,,,,,,,,,,,,,,,,
1/11/2023,17024,45.5,1,,,,,,1,,,,,,,,,,,,,,,
1/12/2023,17278,40,1,,,,,,1,,,,,,,,,,,,,,,
1/13/2023,13814,31,1,,,,,,,,,,,,,,,,,,,,,
1/14/2023,9956,27.5,,,,,,,,,,,,,,,,,,,,,,
1/15/2023,7581,34.5,,,,,,,,,,,,,,,,,,,,,,
1/16/2023,9673,46,1,,,,,,,,,,,,,,,,,,,,,
1/17/2023,17738,43.5,1,,,,,,1,,,,,,,,,,,,,,,
1/18/2023,18124,37.5,1,,,,,,,,,,,,,,,,,,,,,
1/19/2023,17836,38,1,,,,,,,,,,,,,,,,,,,,,
1/20/2023,13931,32.5,1,,,,,,,,,,,,,,,,,,,,,
1/21/2023,9580,30,,,,,,,,,,,,,,,,,,,,,,
1/22/2023,6952,31.5,1,,,,,,,,,,,,,,,,,,,,,
1/23/2023,17293,27,1,,,,,1,,,,,,,,,,,,,,,,
1/24/2023,19090,32.5,,,,,,,,,,,,,,,,,,,,,,
1/25/2023,17932,33,1,,,,,,,,,,,,,,,,,,,,,
1/26/2023,19116,23.5,1,,,,,,,,,,,,,,,,,,,,,
1/27/2023,14467,25.5,1,,,,,1,1,,,,,,,,,,,,,,,
1/28/2023,9641,25.5,1,,,1,,1,1,,,,,,,,,,,,,,,
1/29/2023,7434,24.5,1,,,1,,1,,,,,,,,,,,,,,,,
1/30/2023,15947,12.5,1,,,,,,,,,,,,,,,,,,,,,
1/31/2023,17513,8.5,,,,,,,,,,,,,,,,,,,,,,
2/1/2023,18211,17,,,,,,,,,,,,,,,,,,,,,,
2/2/2023,18665,23,,,,,,,,,,,,,,,,,,,,,,
2/3/2023,12439,6.5,,,,,,,,,,,,,,,,,,,,,,
2/4/2023,9578,27.5,,,,,,,,,,,,,,,,,,,,,,
2/5/2023,7392,36,,,,,,,,,,,,,,,,,,,,,,
2/6/2023,17182,35,,,,,,,,,,,,,,,,,,,,,,
2/7/2023,19012,40,,,,,,,,,,,,,,,,,,,,,,
2/8/2023,19003,34,,,,,,,,,,,,,,,,,,,,,,
2/9/2023,17831,41.5,1,,,,,,,,,,,,,,,,,,,,,
2/10/2023,14053,33,1,,,,,,,,,,,,,,,,,,,,,
2/11/2023,9128,35,,,,,,,,,,,,,,,,,,,,,,
2/12/2023,6714,40,,,,,,,,,,,,,,,,,,,,,,
2/13/2023,16556,43.5,,,,,,,,,,,,,,,,,,,,,,
2/14/2023,19683,45,1,,,,,,,,,,,,,,,,,,,,,
2/15/2023,18813,44.5,1,,,,,,,,,,,,,,,,,,,,,
2/16/2023,17802,30.5,1,1,,1,,1,,1,,,,,,,,,,,,,,
2/17/2023,14788,23,,,,,,,,,,,,,,,,,,,,,,
2/18/2023,11174,35,,,,,,,,,,,,,,,,,,,,,,
2/19/2023,8404,46,,,,,,,,,,,,,,,,,,,,,,
2/20/2023,14613,38,,,,,,,,,,,,,,,,,,,,,,
2/21/2023,18698,33,,,,,,,,,,,,,,,,,,,,,,
2/22/2023,17692,35,1,,,,,,,,,,,,,,,,,,,,,
2/23/2023,19062,33,1,,,,,,,,,,,,,,,,,,,,,
2/24/2023,15173,23,1,,,,,,,,,,,,,,,,,,,,,
2/25/2023,10941,32.5,,,,,,,,,,,,,,,,,,,,,,
2/26/2023,8265,39,1,,,,,,,,,,,,,,,,,,,,,
2/27/2023,15862,49,1,,1,,,,,,,,,,,,,,,,,,,
2/28/2023,19066,44,,,,,,,,,,,,,,,,,,,,,,
3/1/2023,18838,47,,,,,,,,,,,,,,,,,,,,,,
3/2/2023,18717,36,,,,,,,,,,,,,,,,,,,,,,
3/3/2023,14248,35.5,1,,,,,,,,,,,,,,,,,,,,,
3/4/2023,11489,39,1,,,,,,,,,,,,,,,,,,,,,
3/5/2023,8238,39.5,1,,,,,,,,,,,,,,,,,,,,,
3/6/2023,16632,47,1,,1,,,,,,,,,,,,,,,,,,,
3/7/2023,19700,40,,,,,,,,,,,,,,,,,,,,,,
3/8/2023,19026,41,,,,,,,,,,,,,,,,,,,,,,
3/9/2023,18682,37,1,,,1,,,,,,,,,,,,,,,,,,
3/10/2023,15434,35,1,,,,,,,,,,,,,,,,,,,,,
3/11/2023,16998,36,1,,,,,,,,,,,,,,,,,,1,,,
3/12/2023,8229,33.5,1,,,,,,,,,,,,,,,,,,,,,
3/13/2023,16836,29.5,1,,,,,,,,,,,,,,,,,,,,,
3/14/2023,20256,29.5,,,,,,,,,,,,,,,,,,,,,,
3/15/2023,18700,37.5,,,,,,,,,,,,,,,,,,,,,,
3/16/2023,18530,47,1,,,,,,,,,,,,,,,,,,,,,
3/17/2023,15938,37.5,1,,,,,,,,,,,,,,,,,,,,,
3/18/2023,11430,19.5,1,,,,,,,,,,,,,,,,,,,,,
3/19/2023,8234,30,,,,,,,,,,,,,,,,,,,,,,
3/20/2023,15021,40,,,,,,,,,,,,,,,,,,,,,,
3/21/2023,16419,46.5,,,,,,,,,,,,,,,,,,,,,,
3/22/2023,16294,47,1,,,,,,,,,,,,,,,,,,,,,
3/23/2023,16864,43,1,,,,,,,,,,,,,,,,,,,,,
3/24/2023,15858,41,,,,1,,,,,,,,,,,,,,,,,,
3/25/2023,11221,40,1,,,,,,,,,,,,,,,,,,,,,
3/26/2023,13671,41,1,,1,,,,,,,,,,,,,,,,,1,,
3/27/2023,17101,39.5,,,,,,,,,,,,,,,,,,,,,,
3/28/2023,18838,41,,,,,,,,,,,,,,,,,,,,,,
3/29/2023,18591,36.5,1,,,,,,,,,,,,,,,,,,,,,
3/30/2023,19496,42.5,,,,,,,,,,,,,,,,,,,,,,
3/31/2023,14731,60,1,,1,,,,1,,,,,,,,,,,,,,,
4/1/2023,11636,42.5,1,,,,,,1,,,,,,,,,,,,,,,
4/2/2023,9180,44,,,,,,,,,,,,,,,,,,,,,,
4/3/2023,17417,53,,,,,,,,,,,,,,,,,,,,,,
4/4/2023,18142,58.5,1,,1,,,,,,,,,,,,,,,,,,,
4/5/2023,18608,56,,,1,,,,,,,,,,,,,,,,,,,
4/6/2023,19603,43.5,,,,,,,,,,,,,,,,,,,,,,
4/7/2023,15808,43.5,,,,,,,,,,,,,,,,,,,,,,
4/8/2023,12687,51,,,,,,,,,,,,,,,,,,,,,,
4/9/2023,8240,56,,,,,,,,,,,,,,,,,,,,,,
4/10/2023,17934,59.5,,,,,,,,,,,,,,,,,,,,,,
4/11/2023,20771,66,,,,,,,,,,,,,,,,,,,,,,
4/12/2023,20638,71,,,,,,,,,,,,,,,,,,,,,,
4/13/2023,20994,70,,,,,,,,,,,,,,,,,,,,,,
4/14/2023,18402,70,,,,,,,,,,,,,,,,,,,,,,
4/15/2023,14223,73.5,,,,,,,,,,,,,,,,,,,,,,
4/16/2023,8401,49.5,1,,,,,,,,,,,,,,,,,,,,,
4/17/2023,17253,36,1,,,,1,,,,,,,,,,,,,,,,,
4/18/2023,20181,46,,,,,,,,,,,,,,,,,,,,,,
4/19/2023,20202,58,,,1,,,,,,,,,,,,,,,,,,,
4/20/2023,21073,65,,,1,,,,,,,,,,,,,,,,,,,
4/21/2023,17692,54,,,,,,,,,,,,,,,,,,,,,,
4/22/2023,12930,42.5,,,,,,,,,,,,,,,,,,,,,,
4/23/2023,9079,39,,,,,,,,,,,,,,,,,,,,,,
4/24/2023,18072,44.5,,,,,,,,,,,,,,,,,,,,,,
4/25/2023,19972,41,1,,,,,,1,,,,,,,,,,,,,,,
4/26/2023,20455,42,,,,,,,,,,,,,,,,,,,,,,
4/27/2023,20521,52.5,,,,,,,,,,,,,,,,,,,,,,
4/28/2023,17220,54,,,,,,,,,,,,,,,,,,,,,,
4/29/2023,12543,50.5,1,,1,,,,,,,,,,,,,,,,,,,
4/30/2023,9146,45,1,,,,,,,,,,,,,,,,,,,,,
5/1/2023,18074,45.5,1,,,,,,,,,,,,,,,,,,,,,
5/2/2023,19645,49,,,,,,,,,,,,,,,,,,,,,,
5/3/2023,20421,49,,,,,,,,,,,,,,,,,,,,,,
5/4/2023,20437,57,,,,,,,,,,,,,,,,,,,,,,
5/5/2023,17979,67.5,,,,,,,,,,,,,,,,,,,,,,
5/6/2023,16039,69.5,,,1,,,,,,,,,,,,,,,,,,,
5/7/2023,10313,72.5,1,,1,,,,,,,,,,,,,,,,,,,
5/8/2023,18384,59.5,1,,,,,,,,,,,,,,,,,,,,,
5/9/2023,20708,59.5,,,,,,,,,,,,,,,,,,,,,,
5/10/2023,21076,65.5,,,,,,,,,,,,,,,,,,,,,,
5/11/2023,20384,70,,,,,,,,,,,,,,,,,,,,,,
5/12/2023,17490,68,1,,,,,,,,,,,,,,,,,,,,,
5/13/2023,13005,62.5,1,,,,,,1,,,,,,,,,,,,,,,
5/14/2023,8296,60,,,,,,,,,,,,,,,,,,,,,,
5/15/2023,16643,60.5,,,,,,,,,,,,,,,,,,,,,,
5/16/2023,19361,66,,,,,,,,,,,,,,,,,,,,,,
5/17/2023,19782,55,,,,,,,,,,,,,,,,,,,,,,
5/18/2023,20852,61,,,,,,,,,,,,,,,,,,,,,,
5/19/2023,16502,64.5,1,,,,,,1,,,,,,,,,,,,,,,
5/20/2023,13239,60,,,,,,,,,,,,,,,,,,,,,,
5/21/2023,10030,67,,,,,,,,,,,,,,,,,,,,,,
5/22/2023,17226,68.5,,,,,,,,,,,,,,,,,,,,,,
5/23/2023,20414,72,,,,,,,,,,,,,,,,,,,,,,
5/24/2023,19908,62,,,,,,,,,,,,,,,,,,,,,,
5/25/2023,20160,56,,,,,,,,,,,,,,,,,,,,,,
5/26/2023,17665,60,,,,,,,,,,,,,,,,,,,,,,
5/27/2023,20620,61,,,,,,,,,,1,,,,,,,,,,,,
5/28/2023,17351,67.5,,,,,,,,,,1,,,,,,,,,,,,
5/29/2023,10558,69,,,,,,,,,,,,,,,,,,,,,,
5/30/2023,19691,75.5,,,,,,,,,,,,,,,,,,,,,,
5/31/2023,19730,80.5,,,1,,,,,,,,,,,,,,,,,,,
6/1/2023,20448,80,,,1,,,,,,,,,,,,,,,,,,,
6/2/2023,23891,80,,,,,,,1,,,,,,,1,,,,,,,,
6/3/2023,22069,78.5,,,,,,,,,,,,,,1,,,,,,,,
6/4/2023,18854,70,,,,,,,,,,,,,,1,,,,,,,,
6/5/2023,21253,71.5,,,,,,,,,,,,,,,,,,,,,,
6/6/2023,19232,71,1,,,,,,1,,,,,,,,,,,,,,,
6/7/2023,19316,67,,,,,,,,,,,,,,,,,,,,,,
6/8/2023,19056,65,,,,,,,,,,,,,,,,,,,,,,
6/9/2023,18266,66.5,,,,,,,,,,,,,,,,,,,,,,
6/10/2023,18042,74,,,,,,,,,,,,,,,,,,,,,,
6/11/2023,11168,60,,,,,,,,,,,,,,,,,,,,,,
6/12/2023,16011,61,,,,,,,,,,,,,,,,,,,,,,
6/13/2023,17571,61.5,1,,,,,,,,,,,,,,,,,,,,,
6/14/2023,18298,66,,,,,,,,,,,,,,,,,,,,,,
6/15/2023,19274,68.5,1,,,,,,1,,,,,,,,,,,,,,,
6/16/2023,18378,61,,,,,,,,,,,,,,,,,,,,,,
6/17/2023,15845,65.5,1,,,,,,1,,,,,,,,,,,,,,,
6/18/2023,11266,74,,,,,,,1,,,,,,,,,,,,,,,
6/19/2023,12918,75.5,,,,,,,1,,,,,,,,,,,,,,,
6/20/2023,17489,73,,,,,,,1,,,,,,,,,,,,,,,
6/21/2023,19080,77.5,,,,,,,,,,,,,,,,,,,,,,
6/22/2023,18980,77,,,,,,,,,,,,,,,,,,,,,,
6/23/2023,21011,77,,,,,,,1,,,,,,,,,,,,,,,
6/24/2023,18097,79,,,1,,,,,,,,,,,,,,,,,,,
6/25/2023,14913,77,1,,1,,,,,,,,,,,,,,,,,,,
6/26/2023,15515,72.5,1,,,,,,1,,,,,,,,,,,,,,,
6/27/2023,18654,70,,,,,,,1,,,,,,,,,,,,,,,
6/28/2023,19339,71.5,,,,,,,1,,,,,,,,,,,,,,,
6/29/2023,20013,80,1,,1,,,,1,,,,,,,,,,,,,,,
6/30/2023,20378,80,1,,,,,,1,,,,,,,,,,,,,,,
7/1/2023,23221,79.5,,,1,,,,1,,,,,,,,1,,,,,,,
7/2/2023,14700,70.5,1,,1,,,,,,,,,,,,,,,,,,,
7/3/2023,17048,74.5,,,,,,,,,,,,,,,,,,,,,,
7/4/2023,11305,80.5,,,,,,,1,,,,,,,,,,,,,,1,
7/5/2023,16264,81.5,1,,1,,,,1,,,,,,,,,,,,,,,
7/6/2023,18499,74,1,,,,,,,,,,,,,,,,,,,,,
7/7/2023,17810,73,,,,,,,,,,,,,,,,,,,,,,
7/8/2023,16104,69,1,,,,,,,,,,,,,,,,,,,,,
7/9/2023,11320,72.5,,,,,,,,,,,,,,,,,,,,,,
7/10/2023,16148,75,,,,,,,,,,,,,,,,,,,,,,
7/11/2023,17555,78.5,1,1,1,,,,,,,,,,,,,,,,,,,
7/12/2023,17302,71.5,1,,1,,,,,,1,,,,,,,,,,,,,
7/13/2023,18610,71,,,,,,,,,,,,,,,,,,,,,,
7/14/2023,18456,79.5,1,,1,,,,,,,,,,,,,,,,,,,
7/15/2023,16810,77,,,1,,,,,,,,,,,,,,,,,,,
7/16/2023,12380,74.5,,,,,,,1,,,,,,,,,,,,,,,
7/17/2023,16997,73,,,,,,,1,,,,,,,,,,,,,,,
7/18/2023,18504,70,,,,,,,,,,,,,,,,,,,,,,
7/19/2023,19268,73.5,,,,,,,,,,,,,,,,,,,,,,
7/20/2023,19523,79.5,,,,,,,,,,,,,,,,,,,,,,
7/21/2023,19230,74.5,,,,,,,,,,,,,,,,,,,,,,
7/22/2023,17017,75,,,1,,,,,,,,,,,,,,,,,,,
7/23/2023,16499,75,1,,1,,,,,,,,,,,,,,,,,,,
7/24/2023,21069,78,,,,,,,1,,,,,,,,,,,,,,,
7/25/2023,19210,79.5,,,,,,,1,,,,,,,,,,,,,,,
7/26/2023,18767,83.5,1,,1,,,,1,,,,,,,,,,,,,,,
7/27/2023,19153,83,1,,,,,,,,,,,,,,,,,,,,,
7/28/2023,17909,82,1,,1,,,,,,,,,,,,,,,,,,,
7/29/2023,17388,76.5,,,1,,,,,,,,,,,,,,,,,,,
7/30/2023,11923,73.5,,,,,,,,,,,,,,,,,,,,,,
7/31/2023,16912,73,,,,,,,,,,,,,,,,,,,,,,
8/1/2023,19325,77,,,,,,,,,,,,,,,,,,,,,,
8/2/2023,24834,77,,,,,,,,,,,,,,,,,,,,,,
8/3/2023,39337,78,,,,,,,,,,,1,,,,,,,,,,,
8/4/2023,37890,78.5,,,,,,,,,,,1,,,,,,,,,,,
8/5/2023,33285,71.5,1,,,,,,,,,,1,,,,,,,,,,,
8/6/2023,28846,69,1,,,,,,,,,,1,,,,,,,,,,,
8/7/2023,18324,73.5,,,,,,,,,,,,,,,,,,,,,,
8/8/2023,19155,74.5,,,,,,,,,,,,,,,,,,,,,,
8/9/2023,19737,72.5,1,,,,,,,,,,,,,,,,,,,,,
8/10/2023,19315,75,1,,,,,,,,,,,,,,,,,,,,,
8/11/2023,19215,78,,,,,,,,,,,,,,,,,,,,,,
8/12/2023,18862,79.5,,,,,,,,,,,,,,,,,,,,,,
8/13/2023,11735,74,,,,,,,,,,,,,,,,,,,,,,
8/14/2023,14938,70,1,,1,,,,,,,,,,,,,,,,,,,
8/15/2023,18812,70.5,1,,,,,,,,,,,,,,,,,,,,,
8/16/2023,19569,69.5,,,,,,,,,,,,,,,,,,,,,,
8/17/2023,18416,71.5,1,,1,,,,,,,,,,,,,,,,,,,
8/18/2023,18264,68.5,,,,,,,1,,,,,,,,,,,,,,,
8/19/2023,15030,73,,,,,,,,,,,,,,,,,,,,,,
8/20/2023,12493,81.5,,,,,,,,,,,,,,,,,,,,,,
8/21/2023,16582,77,,,,,,,,,,,,,,,,,,,,,,
8/22/2023,18650,79,,,,,,,,,,,,,,,,,,,,,,
8/23/2023,17946,86.5,1,,,,,,1,,,,,,,,,,,,,,,
8/24/2023,18473,87,,,,,,,,,,,,,,,,,,,,,,
8/25/2023,18682,76.5,,,,,,,,,,,,,,,,,,,,,,
8/26/2023,16299,70.5,,,,,,,,,,,,,,,,,,,,,,
8/27/2023,11993,70.5,,,,,,,,,,,,,,,,,,,,,,
8/28/2023,18216,69,,,,,,,1,,,,,,,,,,,,,,,
8/29/2023,20206,74.5,,,,,,,,,,,,,,,,,,,,,,
8/30/2023,20755,64,,,,,,,,,,,,,,,,,,,,,,
8/31/2023,20470,65,,,,,,,1,,,,,,,,,,,,,,,
9/1/2023,19736,71.5,,,,,,,,,,,,,,,,,,,,,,
9/2/2023,16093,76,,,,,,,,,,,,,,,,,,,,,,
9/3/2023,14158,80.5,,,,,,,,,,,,,,,,,,,,,,
9/4/2023,11797,82,,,,,,,,,,,,,,,,,,,,,,
9/5/2023,21584,84,,,,,,,,,,,,,,,,,,,,,,
9/6/2023,25048,74,,,1,,,,,,,,,,,,,,,,,,,
9/7/2023,25709,67.5,,,,,,,,,,,,,,,,,,,,,,
9/8/2023,22041,64.5,1,,,,,,1,,,,,1,,,,,,,,,,
9/9/2023,20714,65.5,,,,,,,,,,,,1,,,,,,,,,,
9/10/2023,19208,67.5,,,,,,,,,,,,1,,,,,,,,,,
9/11/2023,22315,65.5,1,,1,,,,,,,,,,,,,,,,,,,
9/12/2023,25698,63.5,,,,,,,,,,,,,,,,,,,,,,
9/13/2023,25066,62.5,,,,,,,,,,,,,,,,,,,,,,
9/14/2023,24693,61,,,,,,,,,,,,,,,,,,,,,,
9/15/2023,25595,65.5,,,,,,,,,,,,,,,,,,,,,,
9/16/2023,21765,66,,,,,,,,,,,,,,,,,,,,,,
9/17/2023,12031,62,1,,1,,,,,,,,,,,,,,,,,,,
9/18/2023,23174,62,,,,,,,,,,,,,,,,,,,,,,
9/19/2023,24907,62.5,,,,,,,,,,,,,,,,,,,,,,
9/20/2023,25819,70.5,,,,,,,1,,,,,,,,,,,,,,,
9/21/2023,25273,71,,,,,,,,,,,,,,,,,,,,,,
9/22/2023,21321,71.5,,,,,,,,,,,,,,,,,,,,,,
9/23/2023,16904,71,,,,,,,,,,,,,,,,,,,,,,
9/24/2023,14404,68,,,,,,,,,,,,,,,,,,,,,,
9/25/2023,22467,69.5,,,1,,,,,,,,,,,,,,,,,,,
9/26/2023,24339,69,1,,1,,,,,,,,,,,,,,,,,,,
9/27/2023,25137,66.5,1,,,,,,1,,,,,,,,,,,,,,,
9/28/2023,25150,65.5,,,,,,,,,,,,,,,,,,,,,,
9/29/2023,21107,66.5,1,1,,,,,1,,,,,,,,,,,,,,,
9/30/2023,16096,71,,,,,,,,,,,,,,,,,,,,,,
10/1/2023,16075,74,,,,,,,,,,,,,,,,,,,,,,
10/2/2023,22533,74,,,,,,,,,,,,,,,,,,,,,,
10/3/2023,25362,76,,,,,,,,,,,,,,,,,,,,,,
10/4/2023,28917,77,1,,,,,,,,,,,,,,,,,,,,,
10/5/2023,26020,65.5,1,,,,,,1,,,,,,,,,,,,,,,
10/6/2023,23843,53,,,,,,,,,,,,,,,,,,,,,,
10/7/2023,22108,52,,,,,,,,,,,,,,,,,,,,,,
10/8/2023,43994,50.5,,,,,,,,,,,,,1,,,,,,,,,
10/9/2023,24451,51,,,,,,,,,,,,,,,,,,,,,,
10/10/2023,25723,51.5,,,,,,,,,,,,,,,,,,,,,,
10/11/2023,25656,54,1,,,,,,,,,,,,,,,,,,,,,
10/12/2023,24639,58,1,,,,,,,,,,,,,,,,,,,,,
10/13/2023,20097,56.5,1,,,,,,,,,,,,,,,,,,,,,
10/14/2023,16313,53,1,,,,,,,,,,,,,,,,,,,,,
10/15/2023,15247,52.5,1,,,,,,,,,,,,,,,,,,,,,
10/16/2023,21993,48.5,,,,,,,,,,,,,,,,,,,,,,
10/17/2023,24660,51.5,,,,,,,,,,,,,,,,,,,,,,
10/18/2023,24875,56.5,,,,,,,,,,,,,,,,,,,,,,
10/19/2023,23235,56,1,,,,,,,,,,,,,,,,,,,,,
10/20/2023,21046,53.5,,,,,,,,,,,,,,,,,,,,,,
10/21/2023,20046,55,1,,,,,,,,,,,,,,,,,,,,,
10/22/2023,14465,50.5,,,,,,,,,,,,,,,,,,,,,,
10/23/2023,22641,56,,,,,,,,,,,,,,,,,,,,,,
10/24/2023,24604,70,,,,,,,,,,,,,,,,,,,,,,
10/25/2023,24177,63.5,1,,,,,,,,,,,,,,,,,,,,,
10/26/2023,23012,68,1,,,,,,,,,,,,,,,,,,,,,
10/27/2023,18765,58.5,1,,,,,,,,,,,,,,,,,,,,,
10/28/2023,15329,45,,,,,,,,,,,,,,,,,,,,,,
10/29/2023,9402,44,1,,,,,,,,,,,,,,,,,,,,,
10/30/2023,20773,37.5,,,,,,,,,,,,,,,,,,,,,,
10/31/2023,21884,33,1,1,1,,,,,,,,,,,,,,,,,,,
11/1/2023,22277,34,,,,,,,,,,,,,,,,,,,,,,
11/2/2023,23043,44.5,,,,,,,,,,,,,,,,,,,,,,
11/3/2023,18783,51,,,,,,,,,,,,,,,,,,,,,,
11/4/2023,14849,50.5,,,,,,,,,,,,,,,,,,,,,,
11/5/2023,13008,48.5,1,,,,,,,,,,,,,,,,,,,,,
11/6/2023,21252,62.5,,,,,,,,,,,,,,,,,,,,,,
11/7/2023,24065,51.5,,,,,,,,,,,,,,,,,,,,,,
11/8/2023,23538,54.5,1,,1,,,,,,,,,,,,,,,,,,,
11/9/2023,29002,49.5,,,,,,,,,,,,,,,,,,1,,,,
11/10/2023,17866,41.5,,,,,,,,,,,,,,,,,,,,,,
11/11/2023,14055,41.5,,,,,,,,,,,,,,,,,,,,,,
11/12/2023,10380,50,,,,,,,,,,,,,,,,,,,,,,
11/13/2023,20655,51.5,,,,,,,,,,,,,,,,,,,,,,
11/14/2023,22922,49.5,,,,,,,,,,,,,,,,,,,,,,
11/15/2023,22175,55,,,,,,,,,,,,,,,,,,,,,,
11/16/2023,21809,57,,,,,,,,,,,,,,,,,,,,,,
11/17/2023,21617,49.5,1,,,,,,,,,,,,,,,,,,,,,
11/18/2023,16722,42.5,,,,,,,,,,,,,,,,,,,,,,
11/19/2023,10469,45,,,,,,,,,,,,,,,,,,,,,,
11/20/2023,17390,46.5,1,,,,,,,,,,,,,,,,,,,,,
11/21/2023,17103,41.5,1,,,,,,,,,,,,,,,,,,,,,
11/22/2023,14408,40,,,,,,,,,,,,,,,,,,,,,,
11/23/2023,7521,41,,,,,,,,,,,,,,,,,1,,,,,
11/24/2023,11211,33,,,,,,,,,,,,,,,,,,,,,,
11/25/2023,10246,34,,,,,,,,,,,,,,,,,,,,,,
11/26/2023,7378,32,1,,,,,,,,,,,,,,,,,,,,,
11/27/2023,16349,24.5,,,,,,,,,,,,,,,,,,,,,,
11/28/2023,17813,21,,,,,,,,,,,,,,,,,,,,,,
11/29/2023,18484,31.5,,,,,,,,,,,,,,,,,,,,,,
11/30/2023,18897,43.5,1,,,,,,,,,,,,,,,,,,,,,
12/1/2023,17442,44.5,1,,,,,,,,,,,,,,,,,,,,,
12/2/2023,13122,43.5,1,,,,,,,,,,,,,,,,,,,,,
12/3/2023,8941,40,1,,,,,,,,,,,,,,,,,,,,,
12/4/2023,17024,38,,,,,,,,,,,,,,,,,,,,,,
12/5/2023,18625,37.5,1,,,,,,,,,,,,,,,,,,,,,
12/6/2023,18544,36.5,,,,,,,,,,,,,,,,,,,,,,
12/7/2023,19387,45,,,,,,,,,,,,,,,,,,,,,,
12/8/2023,18229,50.5,,,,,,,,,,,,,,,,,,,,,,
12/9/2023,13736,46.5,1,,1,,,,,,,,,,,,,,,,,,,
12/10/2023,13831,34,,,,,,,,,,,,,,,,,,,,,,
12/11/2023,16200,33,,,,,,,,,,,,,,,,,,,,,,
12/12/2023,17783,34,,,,,,,,,,,,,,,,,,,,,,
12/13/2023,17730,32.5,,,,,,,,,,,,,,,,,,,,,,
12/14/2023,17935,41.5,,,,,,,,,,,,,,,,,,,,,,
12/15/2023,16409,45,,,,,,,,,,,,,,,,,,,,,,
12/16/2023,11011,45.5,1,,,,,,,,,,,,,,,,,,,,,
12/17/2023,8468,41,1,,,,,,,,,,,,,,,,,,,,,
12/18/2023,14246,29.5,1,,,,,,,,,,,,,,,,,,,,,
12/19/2023,15551,26,,,,,,,,,,,,,,,,,,,,,,
12/20/2023,15633,37,,,,,,,,,,,,,,,,,,,,,,
12/21/2023,15200,42.5,,,,,,,,,,,,,,,,,,,,,,
12/22/2023,12999,45.5,1,,,,,,,,,,,,,,,,,,,,,
12/23/2023,9386,48,1,1,,,,,1,,,,,,,,,,,,,,,
12/24/2023,9332,53,1,1,,,,,,,,,,,,,,,,,,,,
12/25/2023,3623,55.5,1,,,,,,,,,,,,,,,,,,,,,1
12/26/2023,9857,42,1,,,,,,,,,,,,,,,,,,,,,
12/27/2023,11896,37.5,,,,,,,,,,,,,,,,,,,,,,
12/28/2023,12356,41,1,,,,,,1,,,,,,,,,,,,,,,
12/29/2023,12654,38,1,,,,,,,,,,,,,,,,,,,,,
12/30/2023,10168,34,1,,,,,,,,,,,,,,,,,,,,,
12/31/2023,12572,35,1,,,,,,,,,,,,,,,1,,,,,,
1/1/2024,6572,31.5,1,,,,,,,,,,,,,,,,,,,,,
1/2/2024,12550,34.5,1,,,,,,1,,,,,,,,,,,,,,,
1/3/2024,13869,34.5,1,,,,,1,,,,,,,,,,,,,,,,
1/4/2024,14415,33,,,,,,,,,,,,,,,,,,,,,,
1/5/2024,13149,32.5,1,,,,,,,,,,,,,,,,,,,,,
1/6/2024,9554,33,1,,,,,,,,,,,,,,,,,,,,,
1/7/2024,7533,34,1,,,,,,1,,,,,,,,,,,,,,,
1/8/2024,17873,35,1,,,,,,,,,,,,,,,,,,,,,
1/9/2024,17676,35.5,1,,,,,,,,,,,,,,,,,,,,,
1/10/2024,19209,33,,,,,,,,,,,,,,,,,,,,,,
1/11/2024,19559,31.5,1,,,,,,,,,,,,,,,,,,,,,
1/12/2024,11019,34.5,1,1,,,,,,,,,,,,,,,,,,,,
1/13/2024,9256,18,1,,,,,,,1,,,,,,,,,,,,,,
1/14/2024,4576,-3.5,,,,,,,,1,,,,,,,,,,,,,,
1/15/2024,6047,-2.5,,,,,,,,,,,,,,,,,,,,,,
1/16/2024,8170,0,,,,,,,,,,,,,,,,,,,,,,
1/17/2024,16965,13.5,,,,,,,,,,,,,,,,,,,,,,
1/18/2024,19117,20.5,1,,,,,,,,,,,,,,,,,,,,,
1/19/2024,13740,11,1,,,,,,,,,,,,,,,,,,,,,
1/20/2024,9665,12.5,,,,,,,,,,,,,,,,,,,,,,
1/21/2024,7405,12,,,,,,,,,,,,,,,,,,,,,,
1/22/2024,18686,28.5,1,,,1,,1,,,,,,,,,,,,,,,,
1/23/2024,20156,36,1,1,,,,1,,,,,,,,,,,,,,,,
1/24/2024,21207,37,1,1,,,,,,,,,,,,,,,,,,,,
1/25/2024,21365,40,1,1,,,,,,,,,,,,,,,,,,,,
1/26/2024,17069,40.5,1,,,,,,,,,,,,,,,,,,,,,
1/27/2024,12047,40,1,1,,,,,,,,,,,,,,,,,,,,
1/28/2024,7878,38,1,,,,,,,,,,,,,,,,,,,,,
1/29/2024,19133,35.5,1,,,,,,,,,,,,,,,,,,,,,
1/30/2024,21085,39.5,1,,,,,,,,,,,,,,,,,,,,,
